<?xml version="1.0" encoding="UTF-8"?>
<marc:record xmlns:marc="http://www.loc.gov/MARC21/slim" xmlns="http://www.loc.gov/MARC21/slim" xmlns:srw="http://www.loc.gov/zing/srw/" xmlns:xlink="http://www.w3.org/TR/xlink" xmlns:xsi="http://www.w3.org/2001/XMLSchema-instance" xsi:schemaLocation="http://www.loc.gov/MARC21/slim   http://www.loc.gov/standards/marcxml/schema/MARC21slim.xsd">
<marc:leader>00000nem a2200373Ia 4500</marc:leader>
<controlfield tag="001">990101313460203941</controlfield>
<controlfield tag="005">20170331154640.0</controlfield>
<controlfield tag="008">061005s1773    xx ei     a     1   eng d</controlfield>
<datafield ind1="1" ind2=" " tag="034">
<subfield code="a">a</subfield>
<subfield code="b">600000</subfield>
</datafield>
<datafield ind1=" " ind2=" " tag="035">
<subfield code="a">(MH)010131346HVD01-Aleph</subfield>
</datafield>
<datafield ind1=" " ind2=" " tag="035">
<subfield code="a">(OCoLC)71843803</subfield>
</datafield>
<datafield ind1=" " ind2=" " tag="040">
<subfield code="a">HLS</subfield>
<subfield code="c">HLS</subfield>
</datafield>
<datafield ind1=" " ind2=" " tag="052">
<subfield code="a">3910</subfield>
</datafield>
<datafield ind1=" " ind2=" " tag="052">
<subfield code="a">3913</subfield>
<subfield code="b">C3</subfield>
<subfield code="b">G4</subfield>
</datafield>
<datafield ind1=" " ind2=" " tag="090">
<subfield code="a">G3910 1773</subfield>
<subfield code="b">.C6</subfield>
</datafield>
<datafield ind1="1" ind2=" " tag="100">
<subfield code="a">Cook, James,</subfield>
<subfield code="d">1728-1779</subfield>
</datafield>
<datafield ind1="1" ind2="2" tag="245">
<subfield code="a">A map of the province of South Carolina :</subfield>
<subfield code="b">with all the rivers, creeks, bays, inletts, islands, inland navigation, soundings, time of high water on the sea coast, roads, marshes, ferrys, bridges, swamps, parishes, churches, towns, townships, county, parish, district, and provincial lines /</subfield>
<subfield code="c">humbly inscribed to the Honble. Lawlins Lowndes, Esq.r, speaker &amp; the rest of the members of the hon.ble the Commons House of Assembly of the Province by their most obedt. &amp; faithful servt. Jams. Cook ; Thos. Bowen, sculpt.</subfield>
</datafield>
<datafield ind1=" " ind2=" " tag="255">
<subfield code="a">Scale [ca.1:600,000].</subfield>
</datafield>
<datafield ind1=" " ind2=" " tag="260">
<subfield code="a">S.l. :</subfield>
<subfield code="b">s.n. ,</subfield>
<subfield code="c">1773.</subfield>
</datafield>
<datafield ind1=" " ind2=" " tag="300">
<subfield code="a">1 map :</subfield>
<subfield code="b">hand col. ;</subfield>
<subfield code="c">76 x 81 cm.</subfield>
</datafield>
<datafield ind1=" " ind2=" " tag="500">
<subfield code="a">Relief shown pictorially. Depths shown by soundings.</subfield>
</datafield>
<datafield ind1=" " ind2=" " tag="500">
<subfield code="a">"Lawlins Lowedes esq.r" in manuscript, pen-and-ink.</subfield>
</datafield>
<datafield ind1=" " ind2=" " tag="500">
<subfield code="a">State I, according to Marshall.</subfield>
</datafield>
<datafield ind1="4" ind2=" " tag="510">
<subfield code="a">Cumming - De Vorsey. The Southeast in early maps,</subfield>
<subfield code="c">443.</subfield>
</datafield>
<datafield ind1="4" ind2=" " tag="510">
<subfield code="a">Marshall. Research catalog of maps of America to 1860 in the Williams L. Clements Library. v. 1,</subfield>
<subfield code="c">p. 241</subfield>
</datafield>
<datafield ind1=" " ind2=" " tag="500">
<subfield code="a">Insets: A plan of Beaufort on Port Royal Island [ca. 1:17,000] -- A plan of Camden -- A plan of Georgetown [ca. 1:17,000] -- A draught of Port Royal Harbour in South Carolina with the marks for going in [ca. 1:200,000] -- A plan of Charles Town [ca. 1:17,000] -- A chart of the bar and harbour of Charles Town [ca. 1:75,000].</subfield>
</datafield>
<datafield ind1=" " ind2=" " tag="500">
<subfield code="a">Includes ill. title cartouche &amp; decorative borders around insets.</subfield>
</datafield>
<datafield ind1=" " ind2=" " tag="500">
<subfield code="a">Includes also general references.</subfield>
</datafield>
<datafield ind1=" " ind2=" " tag="530">
<subfield code="a">Also available online.</subfield>
</datafield>
<datafield ind1=" " ind2="0" tag="651">
<subfield code="a">South Carolina</subfield>
<subfield code="v">Maps</subfield>
<subfield code="v">Early works to 1800.</subfield>
</datafield>
<datafield ind1=" " ind2="0" tag="651">
<subfield code="a">Charleston (S.C.)</subfield>
<subfield code="v">Maps</subfield>
<subfield code="v">Early works to 1800.</subfield>
</datafield>
<datafield ind1=" " ind2="0" tag="651">
<subfield code="a">Georgetown (S.C.)</subfield>
<subfield code="v">Maps</subfield>
<subfield code="v">Early works to 1800.</subfield>
</datafield>
<datafield ind1="1" ind2=" " tag="700">
<subfield code="a">Bowen, Thomas,</subfield>
<subfield code="d">-1790.</subfield>
</datafield>
<datafield ind1=" " ind2="0" tag="830">
<subfield code="a">Harvard Map Collection digital maps.</subfield>
<subfield code="p">South Carolina.</subfield>
<subfield code="5">net</subfield>
</datafield>
<datafield ind1=" " ind2="0" tag="830">
<subfield code="a">Harvard Map Collection digital maps.</subfield>
<subfield code="p">South Carolina.</subfield>
<subfield code="p">Charleston.</subfield>
<subfield code="5">net</subfield>
</datafield>
<datafield ind1=" " ind2="0" tag="830">
<subfield code="a">Harvard Map Collection digital maps.</subfield>
<subfield code="p">South Carolina.</subfield>
<subfield code="p">Georgetown.</subfield>
<subfield code="5">net</subfield>
</datafield>
<datafield ind1=" " ind2=" " tag="900">
<subfield code="a">010131346</subfield>
</datafield>
<datafield ind1=" " ind2=" " tag="998">
<subfield code="a">NO-OVERLAY</subfield>
</datafield>
<datafield ind1=" " ind2=" " tag="AVA">
<subfield code="0">990101313460203941</subfield>
<subfield code="8">222104929600003941</subfield>
<subfield code="a">01HVD_INST</subfield>
<subfield code="b">MAP</subfield>
<subfield code="c">MAP-LC</subfield>
<subfield code="d">G3910 1773 .C6 oversize</subfield>
<subfield code="e">available</subfield>
<subfield code="f">1</subfield>
<subfield code="g">0</subfield>
<subfield code="j">MAPLC</subfield>
<subfield code="k">0</subfield>
<subfield code="p">1</subfield>
<subfield code="q">Harvard Map Collection</subfield>
</datafield>
<datafield ind1=" " ind2=" " tag="AVA">
<subfield code="0">990101313460203941</subfield>
<subfield code="8">222104929560003941</subfield>
<subfield code="a">01HVD_INST</subfield>
<subfield code="b">NET</subfield>
<subfield code="c">GEN</subfield>
<subfield code="e">check_holdings</subfield>
<subfield code="j">GEN</subfield>
<subfield code="k">#</subfield>
<subfield code="p">2</subfield>
<subfield code="q">Networked Resource (NET)</subfield>
</datafield>
</marc:record>
