<?xml version="1.0" encoding="UTF-8"?>
<marc:record xmlns:marc="http://www.loc.gov/MARC21/slim" xmlns="http://www.loc.gov/MARC21/slim" xmlns:srw="http://www.loc.gov/zing/srw/" xmlns:xlink="http://www.w3.org/TR/xlink" xmlns:xsi="http://www.w3.org/2001/XMLSchema-instance" xsi:schemaLocation="http://www.loc.gov/MARC21/slim   http://www.loc.gov/standards/marcxml/schema/MARC21slim.xsd">
<marc:leader>00000cem a2200313Ma 4500</marc:leader>
<controlfield tag="001">990127299180203941</controlfield>
<controlfield tag="005">20170331154207.0</controlfield>
<controlfield tag="008">920414s1815    pau       a     0   eng d</controlfield>
<datafield ind1="1" ind2=" " tag="034">
<subfield code="a">a</subfield>
<subfield code="b">318000</subfield>
<subfield code="d">W0835000</subfield>
<subfield code="e">W0803500</subfield>
<subfield code="f">N0420000</subfield>
<subfield code="g">N0383000</subfield>
</datafield>
<datafield ind1=" " ind2=" " tag="035">
<subfield code="a">(MH)012729918HVD01-Aleph</subfield>
</datafield>
<datafield ind1=" " ind2=" " tag="035">
<subfield code="a">(OCoLC)57711843</subfield>
</datafield>
<datafield ind1=" " ind2=" " tag="040">
<subfield code="a">YUS</subfield>
<subfield code="c">YUS</subfield>
<subfield code="d">OCLCQ</subfield>
</datafield>
<datafield ind1=" " ind2=" " tag="052">
<subfield code="a">4080</subfield>
</datafield>
<datafield ind1=" " ind2=" " tag="090">
<subfield code="a">G4080 1815</subfield>
<subfield code="b">.H6</subfield>
</datafield>
<datafield ind1="1" ind2=" " tag="100">
<subfield code="a">Hough, Benjamin,</subfield>
<subfield code="d">1773-1819.</subfield>
</datafield>
<datafield ind1="1" ind2="2" tag="245">
<subfield code="a">A map of the state of Ohio /</subfield>
<subfield code="c">from actual survey by B. Hough &amp; A. Bourne ; engd. by H.S. Tanner.</subfield>
</datafield>
<datafield ind1=" " ind2=" " tag="255">
<subfield code="a">Scale [ca. 1:318,000]</subfield>
<subfield code="c">(W 83⁰50ʹ--W 80⁰35ʹ/N 42⁰00ʹ--N 38⁰30ʹ).</subfield>
</datafield>
<datafield ind1=" " ind2=" " tag="260">
<subfield code="a">Philadelphia :</subfield>
<subfield code="b">B. Hough &amp; A. Bourne, and J. Melish,</subfield>
<subfield code="c">1815.</subfield>
</datafield>
<datafield ind1=" " ind2=" " tag="300">
<subfield code="a">1 map :</subfield>
<subfield code="b">hand col., dissected and mounted on cloth ;</subfield>
<subfield code="c">124 x 113 cm., folded to 22 x 15 cm.</subfield>
</datafield>
<datafield ind1=" " ind2=" " tag="500">
<subfield code="a">Partial cadastral map.</subfield>
</datafield>
<datafield ind1=" " ind2=" " tag="500">
<subfield code="a">Prime meridians: Washington and London.</subfield>
</datafield>
<datafield ind1=" " ind2=" " tag="530">
<subfield code="a">Also available online.</subfield>
</datafield>
<datafield ind1=" " ind2="0" tag="651">
<subfield code="a">Ohio</subfield>
<subfield code="v">Maps</subfield>
</datafield>
<datafield ind1=" " ind2="0" tag="655">
<subfield code="a">Maps</subfield>
</datafield>
<datafield ind1="1" ind2=" " tag="700">
<subfield code="a">Bourne, A.</subfield>
</datafield>
<datafield ind1="1" ind2=" " tag="700">
<subfield code="a">Melish, John,</subfield>
<subfield code="d">1771-1822.</subfield>
</datafield>
<datafield ind1="1" ind2=" " tag="700">
<subfield code="a">Tanner, Henry Schenck,</subfield>
<subfield code="d">1786-1858</subfield>
</datafield>
<datafield ind1=" " ind2="0" tag="830">
<subfield code="a">Harvard Map Collection digital maps.</subfield>
<subfield code="p">Ohio.</subfield>
<subfield code="5">net</subfield>
</datafield>
<datafield ind1=" " ind2=" " tag="900">
<subfield code="a">012729918</subfield>
</datafield>
<datafield ind1=" " ind2=" " tag="998">
<subfield code="a">NO-OVERLAY</subfield>
</datafield>
<datafield ind1=" " ind2=" " tag="AVA">
<subfield code="0">990127299180203941</subfield>
<subfield code="8">222131876000003941</subfield>
<subfield code="a">01HVD_INST</subfield>
<subfield code="b">MAP</subfield>
<subfield code="c">MAP-LC</subfield>
<subfield code="d">G4080 1815 .H6 oversize</subfield>
<subfield code="e">available</subfield>
<subfield code="f">1</subfield>
<subfield code="g">0</subfield>
<subfield code="j">MAPLC</subfield>
<subfield code="k">0</subfield>
<subfield code="p">1</subfield>
<subfield code="q">Harvard Map Collection</subfield>
</datafield>
<datafield ind1=" " ind2=" " tag="AVA">
<subfield code="0">990127299180203941</subfield>
<subfield code="8">222131875980003941</subfield>
<subfield code="a">01HVD_INST</subfield>
<subfield code="b">NET</subfield>
<subfield code="c">GEN</subfield>
<subfield code="e">check_holdings</subfield>
<subfield code="j">GEN</subfield>
<subfield code="k">#</subfield>
<subfield code="p">2</subfield>
<subfield code="q">Networked Resource (NET)</subfield>
</datafield>
</marc:record>
