<?xml version="1.0" encoding="UTF-8"?>
<marc:record xmlns:marc="http://www.loc.gov/MARC21/slim" xmlns="http://www.loc.gov/MARC21/slim" xmlns:srw="http://www.loc.gov/zing/srw/" xmlns:xlink="http://www.w3.org/TR/xlink" xmlns:xsi="http://www.w3.org/2001/XMLSchema-instance" xsi:schemaLocation="http://www.loc.gov/MARC21/slim   http://www.loc.gov/standards/marcxml/schema/MARC21slim.xsd">
<marc:leader>00000nem a22     5a 4500</marc:leader>
<controlfield tag="001">990137718610203941</controlfield>
<controlfield tag="005">20180206163035.0</controlfield>
<controlfield tag="008">130905s1835    dcu      |a||f |||  eng|d</controlfield>
<datafield ind1="1" ind2=" " tag="034">
<subfield code="a">a</subfield>
<subfield code="b">506880</subfield>
</datafield>
<datafield ind1=" " ind2=" " tag="035">
<subfield code="a">(MH)013771861HVD01-Aleph</subfield>
</datafield>
<datafield ind1=" " ind2=" " tag="035">
<subfield code="a">(OCoLC)173514950</subfield>
</datafield>
<datafield ind1=" " ind2=" " tag="052">
<subfield code="a">4142</subfield>
<subfield code="b">M67</subfield>
</datafield>
<datafield ind1=" " ind2=" " tag="090">
<subfield code="a">G4142.M67 1835</subfield>
<subfield code="b">.F41</subfield>
</datafield>
<datafield ind1="1" ind2=" " tag="100">
<subfield code="a">Featherstonhaugh, George William,</subfield>
<subfield code="d">1780-1866.</subfield>
</datafield>
<datafield ind1="1" ind2="2" tag="245">
<subfield code="a">A reconnoissance of the Minnay Sotor Watapah, or St. Peter's River to its sources :</subfield>
<subfield code="b">made in the year 1835.</subfield>
</datafield>
<datafield ind1=" " ind2=" " tag="255">
<subfield code="a">Scale [1:506 880]. Constructed on a scale of 8 m. to 1 in.</subfield>
</datafield>
<datafield ind1=" " ind2=" " tag="260">
<subfield code="a">[Washington, D.C.? :</subfield>
<subfield code="b">s.n.,</subfield>
<subfield code="c">1835?]</subfield>
</datafield>
<datafield ind1=" " ind2=" " tag="300">
<subfield code="a">1 map ;</subfield>
<subfield code="c">58 x 115 cm.</subfield>
</datafield>
<datafield ind1=" " ind2=" " tag="500">
<subfield code="a">Relief shown by hachures.</subfield>
</datafield>
<datafield ind1=" " ind2=" " tag="530">
<subfield code="a">Also available online.</subfield>
</datafield>
<datafield ind1=" " ind2=" " tag="500">
<subfield code="a">Shows points of interest and topography.</subfield>
</datafield>
<datafield ind1=" " ind2=" " tag="500">
<subfield code="a">Includes Indian and French terms.</subfield>
</datafield>
<datafield ind1=" " ind2=" " tag="500">
<subfield code="a">Includes maps of "Minnay shoshoh chrray; or Great Hills of the Missouri," and "Chrrah tanka; the Great Hills or Coteau De Prairie."</subfield>
</datafield>
<datafield ind1=" " ind2=" " tag="500">
<subfield code="a">This state of the map does not include name of G.W. Featherstonhaugh.</subfield>
</datafield>
<datafield ind1=" " ind2="0" tag="651">
<subfield code="a">Minnesota River (S.D. and Minn.)</subfield>
<subfield code="v">Maps.</subfield>
</datafield>
<datafield ind1=" " ind2="7" tag="655">
<subfield code="a">Maps</subfield>
<subfield code="2">lcgft</subfield>
</datafield>
<datafield ind1=" " ind2="0" tag="830">
<subfield code="a">Harvard Map Collection digital maps.</subfield>
<subfield code="p">Minnesota River (S.D. and Minn.)</subfield>
<subfield code="5">net</subfield>
</datafield>
<datafield ind1=" " ind2=" " tag="900">
<subfield code="a">013771861</subfield>
</datafield>
<datafield ind1=" " ind2=" " tag="998">
<subfield code="a">NO-OVERLAY</subfield>
</datafield>
<datafield ind1=" " ind2=" " tag="AVA">
<subfield code="0">990137718610203941</subfield>
<subfield code="8">222163682060003941</subfield>
<subfield code="a">01HVD_INST</subfield>
<subfield code="b">MAP</subfield>
<subfield code="c">MAP-LC</subfield>
<subfield code="d">G4142.M67 1835 .F41 oversize</subfield>
<subfield code="e">available</subfield>
<subfield code="f">1</subfield>
<subfield code="g">0</subfield>
<subfield code="j">MAPLC</subfield>
<subfield code="k">0</subfield>
<subfield code="p">1</subfield>
<subfield code="q">Harvard Map Collection</subfield>
</datafield>
<datafield ind1=" " ind2=" " tag="AVA">
<subfield code="0">990137718610203941</subfield>
<subfield code="8">222163682040003941</subfield>
<subfield code="a">01HVD_INST</subfield>
<subfield code="b">NET</subfield>
<subfield code="c">GEN</subfield>
<subfield code="e">check_holdings</subfield>
<subfield code="j">GEN</subfield>
<subfield code="k">#</subfield>
<subfield code="p">2</subfield>
<subfield code="q">Networked Resource (NET)</subfield>
</datafield>
</marc:record>
