<?xml version="1.0" encoding="UTF-8"?>
<marc:record xmlns:marc="http://www.loc.gov/MARC21/slim" xmlns="http://www.loc.gov/MARC21/slim" xmlns:srw="http://www.loc.gov/zing/srw/" xmlns:xlink="http://www.w3.org/TR/xlink" xmlns:xsi="http://www.w3.org/2001/XMLSchema-instance" xsi:schemaLocation="http://www.loc.gov/MARC21/slim   http://www.loc.gov/standards/marcxml/schema/MARC21slim.xsd">
<marc:leader>01180nem a2200289Ia 4500</marc:leader>
<controlfield tag="001">990132211090203941</controlfield>
<controlfield tag="005">20200212101144.0</controlfield>
<controlfield tag="008">120530s1799    gw       |a||  |0|  ger d</controlfield>
<datafield ind1="1" ind2=" " tag="034">
<subfield code="a">a</subfield>
<subfield code="b">6150000</subfield>
<subfield code="d">W0070900</subfield>
<subfield code="e">E0393000</subfield>
<subfield code="f">N0460600</subfield>
<subfield code="g">N0300600</subfield>
</datafield>
<datafield ind1=" " ind2=" " tag="035">
<subfield code="a">(MH)013221109HVD01-Aleph</subfield>
</datafield>
<datafield ind1=" " ind2=" " tag="035">
<subfield code="a">(OCoLC)794606633</subfield>
</datafield>
<datafield ind1=" " ind2=" " tag="052">
<subfield code="a">5672</subfield>
<subfield code="b">M4</subfield>
</datafield>
<datafield ind1=" " ind2=" " tag="090">
<subfield code="a">G5672.M4 1799</subfield>
<subfield code="b">.S8</subfield>
</datafield>
<datafield ind1="2" ind2=" " tag="110">
<subfield code="a">Sternwarte Seeberg bey Gotha.</subfield>
</datafield>
<datafield ind1="1" ind2="0" tag="245">
<subfield code="a">Charte des Mittellaendischen Meeres :</subfield>
<subfield code="b">nach den neuesten astronomischen Ortsbestimmungen /</subfield>
<subfield code="c">berichtiget und neu entworfen auf der Sternwarte Seeberg bey Gotha.</subfield>
</datafield>
<datafield ind1=" " ind2=" " tag="255">
<subfield code="a">Scale [ca. 1:6,150,000]</subfield>
<subfield code="c">(W 7°09'00"-E 39°30'00"/N 46°06'00"-N 30°06'00").</subfield>
</datafield>
<datafield ind1=" " ind2=" " tag="260">
<subfield code="a">Weimar :</subfield>
<subfield code="b">Im Verlage des Industrie Comptoirs,</subfield>
<subfield code="c">1799.</subfield>
</datafield>
<datafield ind1=" " ind2=" " tag="300">
<subfield code="a">1 map :</subfield>
<subfield code="b">hand col. ;</subfield>
<subfield code="c">30 x 64 cm.</subfield>
</datafield>
<datafield ind1=" " ind2=" " tag="500">
<subfield code="a">Prime meridian: Ferro.</subfield>
</datafield>
<datafield ind1=" " ind2=" " tag="530">
<subfield code="a">Also available online.</subfield>
</datafield>
<datafield ind1=" " ind2="7" tag="655">
<subfield code="a">Early maps.</subfield>
<subfield code="2">lcgft</subfield>
</datafield>
<datafield ind1=" " ind2="7" tag="655">
<subfield code="a">Maps</subfield>
<subfield code="2">lcgft</subfield>
</datafield>
<datafield ind1=" " ind2="0" tag="650">
<subfield code="a">Coasts</subfield>
<subfield code="z">Mediterranean Sea</subfield>
<subfield code="v">Maps</subfield>
<subfield code="v">Early works to 1800.</subfield>
</datafield>
<datafield ind1=" " ind2="0" tag="651">
<subfield code="a">Mediterranean Sea</subfield>
<subfield code="v">Maps</subfield>
<subfield code="v">Early works to 1800.</subfield>
</datafield>
<datafield ind1=" " ind2="0" tag="830">
<subfield code="a">Harvard Map Collection digital maps.</subfield>
<subfield code="p">Mediterranean Sea.</subfield>
<subfield code="5">net</subfield>
</datafield>
<datafield ind1=" " ind2=" " tag="900">
<subfield code="a">013221109</subfield>
</datafield>
<datafield ind1=" " ind2=" " tag="998">
<subfield code="a">NO-OVERLAY</subfield>
</datafield>
<datafield ind1=" " ind2=" " tag="AVA">
<subfield code="0">990132211090203941</subfield>
<subfield code="8">222152559030003941</subfield>
<subfield code="a">01HVD_INST</subfield>
<subfield code="b">MAP</subfield>
<subfield code="c">MAP-LC</subfield>
<subfield code="d">G5672.M4 1799 .S8</subfield>
<subfield code="e">available</subfield>
<subfield code="f">1</subfield>
<subfield code="g">0</subfield>
<subfield code="j">MAPLC</subfield>
<subfield code="k">0</subfield>
<subfield code="p">1</subfield>
<subfield code="q">Harvard Map Collection</subfield>
</datafield>
<datafield ind1=" " ind2=" " tag="AVA">
<subfield code="0">990132211090203941</subfield>
<subfield code="8">222152558950003941</subfield>
<subfield code="a">01HVD_INST</subfield>
<subfield code="b">NET</subfield>
<subfield code="c">GEN</subfield>
<subfield code="e">check_holdings</subfield>
<subfield code="j">GEN</subfield>
<subfield code="k">#</subfield>
<subfield code="p">2</subfield>
<subfield code="q">Networked Resource (NET)</subfield>
</datafield>
</marc:record>
