<?xml version="1.0" encoding="UTF-8"?>
<marc:record xmlns:marc="http://www.loc.gov/MARC21/slim" xmlns="http://www.loc.gov/MARC21/slim" xmlns:srw="http://www.loc.gov/zing/srw/" xmlns:xlink="http://www.w3.org/TR/xlink" xmlns:xsi="http://www.w3.org/2001/XMLSchema-instance" xsi:schemaLocation="http://www.loc.gov/MARC21/slim   http://www.loc.gov/standards/marcxml/schema/MARC21slim.xsd">
<marc:leader>00000nem a2200277Ia 4500</marc:leader>
<controlfield tag="001">990131096650203941</controlfield>
<controlfield tag="005">20160415183336.0</controlfield>
<controlfield tag="008">040427s1798    gw i      a     0   ger d</controlfield>
<datafield ind1="1" ind2=" " tag="034">
<subfield code="a">a</subfield>
<subfield code="b">11250000</subfield>
<subfield code="d">W0254200</subfield>
<subfield code="e">E0540500</subfield>
<subfield code="f">N0713300</subfield>
<subfield code="g">N0294300</subfield>
</datafield>
<datafield ind1=" " ind2=" " tag="035">
<subfield code="a">(MH)013109665HVD01-Aleph</subfield>
</datafield>
<datafield ind1=" " ind2=" " tag="035">
<subfield code="a">(OCoLC)779582935</subfield>
</datafield>
<datafield ind1=" " ind2=" " tag="043">
<subfield code="a">e------</subfield>
</datafield>
<datafield ind1=" " ind2=" " tag="052">
<subfield code="a">5700</subfield>
</datafield>
<datafield ind1=" " ind2=" " tag="090">
<subfield code="a">G5700 1798</subfield>
<subfield code="b">.G8</subfield>
</datafield>
<datafield ind1="1" ind2=" " tag="100">
<subfield code="a">Güssefeld, F. L.</subfield>
<subfield code="q">(Franz Ludwig),</subfield>
<subfield code="d">1744-1807.</subfield>
</datafield>
<datafield ind1="1" ind2="0" tag="245">
<subfield code="a">Charte von Europa :</subfield>
<subfield code="b">nach astronomischen Bestimmungen der vornehmsten Orte und dem dermaligen Bestande der Staaten /</subfield>
<subfield code="c">entworfen von F.L. Güssefeld.</subfield>
</datafield>
<datafield ind1=" " ind2=" " tag="255">
<subfield code="a">Scale [ca. 1:11,250,000] ;</subfield>
<subfield code="c">W 25°42'00"-E 54°05'00"/N 71°33'00"-N 29°43'00".</subfield>
</datafield>
<datafield ind1=" " ind2=" " tag="260">
<subfield code="a">Nürnberg :</subfield>
<subfield code="b">bey den Homannis Erben, mit Kayserl. allergn. Freyheit,</subfield>
<subfield code="c">1798.</subfield>
</datafield>
<datafield ind1=" " ind2=" " tag="300">
<subfield code="a">1 map :</subfield>
<subfield code="b">hand col. ;</subfield>
<subfield code="c">43 x 54 cm., on sheet 59 x 71 cm.</subfield>
</datafield>
<datafield ind1=" " ind2=" " tag="500">
<subfield code="a">Relief shown pictorially.</subfield>
</datafield>
<datafield ind1=" " ind2=" " tag="500">
<subfield code="a">Includes 8 bar scales.</subfield>
</datafield>
<datafield ind1=" " ind2=" " tag="530">
<subfield code="a">Also available online.</subfield>
</datafield>
<datafield ind1=" " ind2="7" tag="655">
<subfield code="a">Early maps.</subfield>
<subfield code="2">lcgft</subfield>
</datafield>
<datafield ind1=" " ind2="7" tag="655">
<subfield code="a">Maps</subfield>
<subfield code="2">lcgft</subfield>
</datafield>
<datafield ind1=" " ind2="0" tag="651">
<subfield code="a">Europe</subfield>
<subfield code="v">Maps</subfield>
<subfield code="v">Early works to 1800.</subfield>
</datafield>
<datafield ind1="2" ind2=" " tag="710">
<subfield code="a">Homann Erben (Firm)</subfield>
</datafield>
<datafield ind1=" " ind2="0" tag="830">
<subfield code="a">Harvard Map Collection digital maps.</subfield>
<subfield code="p">Europe.</subfield>
<subfield code="5">net</subfield>
</datafield>
<datafield ind1=" " ind2=" " tag="900">
<subfield code="a">013109665</subfield>
</datafield>
<datafield ind1=" " ind2=" " tag="998">
<subfield code="a">NO-OVERLAY</subfield>
</datafield>
<datafield ind1=" " ind2=" " tag="AVA">
<subfield code="0">990131096650203941</subfield>
<subfield code="8">222159335970003941</subfield>
<subfield code="a">01HVD_INST</subfield>
<subfield code="b">MAP</subfield>
<subfield code="c">MAP-LC</subfield>
<subfield code="d">G5700 1798 .G8</subfield>
<subfield code="e">available</subfield>
<subfield code="f">1</subfield>
<subfield code="g">0</subfield>
<subfield code="j">MAPLC</subfield>
<subfield code="k">0</subfield>
<subfield code="p">1</subfield>
<subfield code="q">Harvard Map Collection</subfield>
</datafield>
<datafield ind1=" " ind2=" " tag="AVA">
<subfield code="0">990131096650203941</subfield>
<subfield code="8">222159335950003941</subfield>
<subfield code="a">01HVD_INST</subfield>
<subfield code="b">NET</subfield>
<subfield code="c">GEN</subfield>
<subfield code="e">check_holdings</subfield>
<subfield code="j">GEN</subfield>
<subfield code="k">#</subfield>
<subfield code="p">2</subfield>
<subfield code="q">Networked Resource (NET)</subfield>
</datafield>
</marc:record>
