<?xml version="1.0" encoding="UTF-8"?>
<marc:record xmlns:marc="http://www.loc.gov/MARC21/slim" xmlns="http://www.loc.gov/MARC21/slim" xmlns:srw="http://www.loc.gov/zing/srw/" xmlns:xlink="http://www.w3.org/TR/xlink" xmlns:xsi="http://www.w3.org/2001/XMLSchema-instance" xsi:schemaLocation="http://www.loc.gov/MARC21/slim   http://www.loc.gov/standards/marcxml/schema/MARC21slim.xsd">
<marc:leader>01300nem a2200301Ia 4500</marc:leader>
<controlfield tag="001">990131265100203941</controlfield>
<controlfield tag="005">20200212100953.0</controlfield>
<controlfield tag="008">070821s1811    gw d      a     0   ger d</controlfield>
<datafield ind1="1" ind2=" " tag="034">
<subfield code="a">a</subfield>
<subfield code="b">10500000</subfield>
<subfield code="d">W0252600</subfield>
<subfield code="e">E0492600</subfield>
<subfield code="f">N0713200</subfield>
<subfield code="g">N0283200</subfield>
</datafield>
<datafield ind1=" " ind2=" " tag="035">
<subfield code="a">(MH)013126510HVD01-Aleph</subfield>
</datafield>
<datafield ind1=" " ind2=" " tag="052">
<subfield code="a">5700</subfield>
</datafield>
<datafield ind1=" " ind2=" " tag="090">
<subfield code="a">G5700 1811</subfield>
<subfield code="b">.G6</subfield>
</datafield>
<datafield ind1="1" ind2=" " tag="100">
<subfield code="a">Götze, F.</subfield>
<subfield code="q">(Ferdinand)</subfield>
</datafield>
<datafield ind1="1" ind2="0" tag="245">
<subfield code="a">Europa :</subfield>
<subfield code="b">nach den vorzüglichsten Hülfsmitteln neu entworfen und gezeichnet /</subfield>
<subfield code="c">von Ferd. Götze.</subfield>
</datafield>
<datafield ind1=" " ind2=" " tag="255">
<subfield code="a">Scale [ca. 1:10,500,000] ;</subfield>
<subfield code="c">W 25°26'00"-E 49°26'00"/N 71°32'00"-N 28°32'00"</subfield>
</datafield>
<datafield ind1=" " ind2=" " tag="260">
<subfield code="a">Weimar :</subfield>
<subfield code="b">im Verlage des Geograph. Instituts,</subfield>
<subfield code="c">1811.</subfield>
</datafield>
<datafield ind1=" " ind2=" " tag="300">
<subfield code="a">1 map :</subfield>
<subfield code="b">hand col. ;</subfield>
<subfield code="c">45 x 54 cm.</subfield>
</datafield>
<datafield ind1=" " ind2=" " tag="500">
<subfield code="a">Relief shown by hachures.</subfield>
</datafield>
<datafield ind1=" " ind2=" " tag="500">
<subfield code="a">Includes 5 bar scales.</subfield>
</datafield>
<datafield ind1=" " ind2=" " tag="500">
<subfield code="a">"Berichtigt im Jenner 1811."</subfield>
</datafield>
<datafield ind1=" " ind2=" " tag="500">
<subfield code="a">Appears in: Allgemeiner Hand-Atlas der ganzen Erde nach den besten astreonomischen Bestimmungen... / A.C. Gaspari. Weimar : Geographisches Institut, [1804-1811]. (Map no. 3)</subfield>
</datafield>
<datafield ind1=" " ind2=" " tag="530">
<subfield code="a">Also available online.</subfield>
</datafield>
<datafield ind1=" " ind2="7" tag="655">
<subfield code="a">Maps</subfield>
<subfield code="2">lcgft</subfield>
</datafield>
<datafield ind1=" " ind2="0" tag="651">
<subfield code="a">Europe</subfield>
<subfield code="v">Maps.</subfield>
</datafield>
<datafield ind1="1" ind2=" " tag="700">
<subfield code="a">Gaspari, Adam Christian,</subfield>
<subfield code="d">1752-1830.</subfield>
<subfield code="t">Hand-Atlas der ganzen Erde...</subfield>
</datafield>
<datafield ind1=" " ind2="0" tag="830">
<subfield code="a">Harvard Map Collection digital maps.</subfield>
<subfield code="p">Europe.</subfield>
<subfield code="5">net</subfield>
</datafield>
<datafield ind1=" " ind2=" " tag="900">
<subfield code="a">013126510</subfield>
</datafield>
<datafield ind1=" " ind2=" " tag="998">
<subfield code="a">NO-OVERLAY</subfield>
</datafield>
<datafield ind1=" " ind2=" " tag="AVA">
<subfield code="0">990131265100203941</subfield>
<subfield code="8">222160132550003941</subfield>
<subfield code="a">01HVD_INST</subfield>
<subfield code="b">MAP</subfield>
<subfield code="c">MAP-LC</subfield>
<subfield code="d">G5700 1811 .G6</subfield>
<subfield code="e">available</subfield>
<subfield code="f">1</subfield>
<subfield code="g">0</subfield>
<subfield code="j">MAPLC</subfield>
<subfield code="k">0</subfield>
<subfield code="p">1</subfield>
<subfield code="q">Harvard Map Collection</subfield>
</datafield>
<datafield ind1=" " ind2=" " tag="AVA">
<subfield code="0">990131265100203941</subfield>
<subfield code="8">222160132470003941</subfield>
<subfield code="a">01HVD_INST</subfield>
<subfield code="b">NET</subfield>
<subfield code="c">GEN</subfield>
<subfield code="e">check_holdings</subfield>
<subfield code="j">GEN</subfield>
<subfield code="k">#</subfield>
<subfield code="p">2</subfield>
<subfield code="q">Networked Resource (NET)</subfield>
</datafield>
</marc:record>
