<?xml version="1.0" encoding="UTF-8"?>
<marc:record xmlns:marc="http://www.loc.gov/MARC21/slim" xmlns="http://www.loc.gov/MARC21/slim" xmlns:srw="http://www.loc.gov/zing/srw/" xmlns:xlink="http://www.w3.org/TR/xlink" xmlns:xsi="http://www.w3.org/2001/XMLSchema-instance" xsi:schemaLocation="http://www.loc.gov/MARC21/slim   http://www.loc.gov/standards/marcxml/schema/MARC21slim.xsd">
<marc:leader>00000nem a22     Ia 4500</marc:leader>
<controlfield tag="001">990130664400203941</controlfield>
<controlfield tag="005">20160415183334.0</controlfield>
<controlfield tag="008">120117s1671    ne i     |a||  |0|  ita d</controlfield>
<datafield ind1="1" ind2=" " tag="034">
<subfield code="a">a</subfield>
<subfield code="b">1267200</subfield>
<subfield code="d">E0050800</subfield>
<subfield code="e">E0133000</subfield>
<subfield code="f">N0520500</subfield>
<subfield code="g">N0433000</subfield>
</datafield>
<datafield ind1=" " ind2=" " tag="035">
<subfield code="a">(MH)013066440HVD01-Aleph</subfield>
</datafield>
<datafield ind1=" " ind2=" " tag="035">
<subfield code="a">(OCoLC)904880168</subfield>
</datafield>
<datafield ind1=" " ind2=" " tag="043">
<subfield code="a">e-au---</subfield>
<subfield code="a">e-sz---</subfield>
<subfield code="a">e-fr---</subfield>
<subfield code="a">e-gx---</subfield>
<subfield code="a">e-it---</subfield>
</datafield>
<datafield ind1=" " ind2=" " tag="052">
<subfield code="a">5700</subfield>
</datafield>
<datafield ind1=" " ind2=" " tag="090">
<subfield code="a">G5700 1671</subfield>
<subfield code="b">.W5</subfield>
</datafield>
<datafield ind1="1" ind2=" " tag="100">
<subfield code="a">Wit, Frederik de.</subfield>
</datafield>
<datafield ind1="1" ind2="0" tag="245">
<subfield code="a">Carta nova accurata del passagio et strada dalli Paesi Bassi per via de Allemagna per Italia ... /</subfield>
<subfield code="c">dato in luce da Frederico de Wit di Amsterdam l'anno 1671.</subfield>
</datafield>
<datafield ind1=" " ind2=" " tag="255">
<subfield code="a">Scale [ca. 1:1,267,200]</subfield>
<subfield code="c">(E 5°8ʹ--E 13°30ʹ/N 52°5ʹ--N 43°30ʹ).</subfield>
</datafield>
<datafield ind1=" " ind2=" " tag="260">
<subfield code="a">Amsterdam :</subfield>
<subfield code="b">by Frederick de Wit, inde Calverstraet,</subfield>
<subfield code="c">[1671].</subfield>
</datafield>
<datafield ind1=" " ind2=" " tag="300">
<subfield code="a">1 map :</subfield>
<subfield code="b">hand col. ;</subfield>
<subfield code="c">44 x 55 cm.</subfield>
</datafield>
<datafield ind1=" " ind2=" " tag="500">
<subfield code="a">Relief shown pictorially.</subfield>
</datafield>
<datafield ind1=" " ind2=" " tag="500">
<subfield code="a">Based on a map by Cornelis Danckerts.</subfield>
</datafield>
<datafield ind1=" " ind2=" " tag="500">
<subfield code="a">Appears in: Germania inferior, sivè XVII provinciarum geographicae generales ut particulares tabulae. Nieut kaart-boeck vande XVII Nederlandse provincie... Amsterdam : Frederick de Widt, [1699-?]</subfield>
</datafield>
<datafield ind1=" " ind2=" " tag="530">
<subfield code="a">Also available online.</subfield>
</datafield>
<datafield ind1=" " ind2="7" tag="655">
<subfield code="a">Road maps.</subfield>
<subfield code="2">lcgft</subfield>
</datafield>
<datafield ind1=" " ind2="7" tag="655">
<subfield code="a">Early maps.</subfield>
<subfield code="2">lcgft</subfield>
</datafield>
<datafield ind1=" " ind2="7" tag="655">
<subfield code="a">Maps</subfield>
<subfield code="2">lcgft</subfield>
</datafield>
<datafield ind1=" " ind2="0" tag="651">
<subfield code="a">Italy, Northern</subfield>
<subfield code="v">Maps</subfield>
<subfield code="v">Early works to 1800.</subfield>
</datafield>
<datafield ind1=" " ind2="0" tag="651">
<subfield code="a">Europe</subfield>
<subfield code="v">Maps</subfield>
<subfield code="v">Early works to 1800.</subfield>
</datafield>
<datafield ind1=" " ind2="0" tag="650">
<subfield code="a">Roads</subfield>
<subfield code="z">Europe</subfield>
<subfield code="v">Maps</subfield>
<subfield code="v">Early works to 1800.</subfield>
</datafield>
<datafield ind1=" " ind2="0" tag="651">
<subfield code="a">Europe, Central</subfield>
<subfield code="v">Maps</subfield>
<subfield code="v">Early works to 1800.</subfield>
</datafield>
<datafield ind1=" " ind2="0" tag="651">
<subfield code="a">Austria</subfield>
<subfield code="v">Maps</subfield>
<subfield code="v">Early works to 1800.</subfield>
</datafield>
<datafield ind1=" " ind2="0" tag="651">
<subfield code="a">Switzerland</subfield>
<subfield code="v">Maps</subfield>
<subfield code="v">Early works to 1800.</subfield>
</datafield>
<datafield ind1=" " ind2="0" tag="651">
<subfield code="a">France</subfield>
<subfield code="v">Maps</subfield>
<subfield code="v">Early works to 1800.</subfield>
</datafield>
<datafield ind1=" " ind2="0" tag="651">
<subfield code="a">Germany</subfield>
<subfield code="v">Maps</subfield>
<subfield code="v">Early works to 1800.</subfield>
</datafield>
<datafield ind1="1" ind2=" " tag="700">
<subfield code="a">Danckerts, Cornelis.</subfield>
</datafield>
<datafield ind1=" " ind2="0" tag="830">
<subfield code="a">Harvard Map Collection digital maps.</subfield>
<subfield code="p">Italy, Northern.</subfield>
<subfield code="5">net</subfield>
</datafield>
<datafield ind1=" " ind2="0" tag="830">
<subfield code="a">Harvard Map Collection digital maps.</subfield>
<subfield code="p">Europe.</subfield>
<subfield code="5">net</subfield>
</datafield>
<datafield ind1=" " ind2="0" tag="830">
<subfield code="a">Harvard Map Collection digital maps.</subfield>
<subfield code="p">Europe, Central.</subfield>
<subfield code="5">net</subfield>
</datafield>
<datafield ind1=" " ind2="0" tag="830">
<subfield code="a">Harvard Map Collection digital maps.</subfield>
<subfield code="p">Austria.</subfield>
<subfield code="5">net</subfield>
</datafield>
<datafield ind1=" " ind2="0" tag="830">
<subfield code="a">Harvard Map Collection digital maps.</subfield>
<subfield code="p">Switzerland.</subfield>
<subfield code="5">net</subfield>
</datafield>
<datafield ind1=" " ind2="0" tag="830">
<subfield code="a">Harvard Map Collection digital maps.</subfield>
<subfield code="p">France.</subfield>
<subfield code="5">net</subfield>
</datafield>
<datafield ind1=" " ind2="0" tag="830">
<subfield code="a">Harvard Map Collection digital maps.</subfield>
<subfield code="p">Germany.</subfield>
<subfield code="5">net</subfield>
</datafield>
<datafield ind1=" " ind2=" " tag="900">
<subfield code="a">013066440</subfield>
</datafield>
<datafield ind1=" " ind2=" " tag="998">
<subfield code="a">NO-OVERLAY</subfield>
</datafield>
<datafield ind1=" " ind2=" " tag="AVA">
<subfield code="0">990130664400203941</subfield>
<subfield code="8">222156150350003941</subfield>
<subfield code="a">01HVD_INST</subfield>
<subfield code="b">MAP</subfield>
<subfield code="c">MAP-LC</subfield>
<subfield code="d">G5700 1671 .W5</subfield>
<subfield code="e">available</subfield>
<subfield code="f">1</subfield>
<subfield code="g">0</subfield>
<subfield code="j">MAPLC</subfield>
<subfield code="k">0</subfield>
<subfield code="p">1</subfield>
<subfield code="q">Harvard Map Collection</subfield>
</datafield>
<datafield ind1=" " ind2=" " tag="AVA">
<subfield code="0">990130664400203941</subfield>
<subfield code="8">222156150320003941</subfield>
<subfield code="a">01HVD_INST</subfield>
<subfield code="b">NET</subfield>
<subfield code="c">GEN</subfield>
<subfield code="e">check_holdings</subfield>
<subfield code="j">GEN</subfield>
<subfield code="k">#</subfield>
<subfield code="p">2</subfield>
<subfield code="q">Networked Resource (NET)</subfield>
</datafield>
</marc:record>
