<?xml version="1.0" encoding="UTF-8"?>
<marc:record xmlns:marc="http://www.loc.gov/MARC21/slim" xmlns="http://www.loc.gov/MARC21/slim" xmlns:srw="http://www.loc.gov/zing/srw/" xmlns:xlink="http://www.w3.org/TR/xlink" xmlns:xsi="http://www.w3.org/2001/XMLSchema-instance" xsi:schemaLocation="http://www.loc.gov/MARC21/slim   http://www.loc.gov/standards/marcxml/schema/MARC21slim.xsd">
<marc:leader>00000nem a22     Ia 4500</marc:leader>
<controlfield tag="001">990131096340203941</controlfield>
<controlfield tag="005">20160415183335.0</controlfield>
<controlfield tag="008">120301s1795    au i     |a||  |0|  ger d</controlfield>
<datafield ind1="1" ind2=" " tag="034">
<subfield code="a">a</subfield>
<subfield code="b">10000000</subfield>
<subfield code="d">W0254200</subfield>
<subfield code="e">E0623200</subfield>
<subfield code="f">N0713300</subfield>
<subfield code="g">N0294300</subfield>
</datafield>
<datafield ind1=" " ind2=" " tag="035">
<subfield code="a">(MH)013109634HVD01-Aleph</subfield>
</datafield>
<datafield ind1=" " ind2=" " tag="035">
<subfield code="a">(OCoLC)779582927</subfield>
</datafield>
<datafield ind1=" " ind2=" " tag="052">
<subfield code="a">5700</subfield>
</datafield>
<datafield ind1=" " ind2=" " tag="052">
<subfield code="a">8220</subfield>
</datafield>
<datafield ind1=" " ind2=" " tag="090">
<subfield code="a">G5700 1795</subfield>
<subfield code="b">.R4</subfield>
</datafield>
<datafield ind1="1" ind2=" " tag="100">
<subfield code="a">Reilly, Franz J. J. von.</subfield>
</datafield>
<datafield ind1="1" ind2="0" tag="245">
<subfield code="a">Karte von Europa :</subfield>
<subfield code="b">nach d'Anville und Has /</subfield>
<subfield code="c">neu verzeichnet &amp; herausgegeben von Franz Joh. Jos. von Reilly ; gestochen von Kil. Ponheimer.</subfield>
</datafield>
<datafield ind1=" " ind2=" " tag="255">
<subfield code="a">Scale [ca. 1:10,000,000] ;</subfield>
<subfield code="c">W 25°42'00"-E 62°32'00"/N 71°33'00"-N 29°43'00".</subfield>
</datafield>
<datafield ind1=" " ind2=" " tag="260">
<subfield code="a">Wien :</subfield>
<subfield code="b">Reilly'sches Landkarten und Kunstwerke Verschleiss Komptoir,</subfield>
<subfield code="c">1795.</subfield>
</datafield>
<datafield ind1=" " ind2=" " tag="300">
<subfield code="a">1 map :</subfield>
<subfield code="b">hand col. ;</subfield>
<subfield code="c">44 x 49 cm.</subfield>
</datafield>
<datafield ind1=" " ind2=" " tag="500">
<subfield code="a">Relief shown pictorially.</subfield>
</datafield>
<datafield ind1=" " ind2=" " tag="500">
<subfield code="a">Includes bar scales.</subfield>
</datafield>
<datafield ind1=" " ind2=" " tag="500">
<subfield code="a">Appears in: Grosser deutscher Atlas. Wien : F.J.J. von Reilly, 1796. (Map no. 2)</subfield>
</datafield>
<datafield ind1=" " ind2=" " tag="530">
<subfield code="a">Also available online.</subfield>
</datafield>
<datafield ind1=" " ind2="7" tag="655">
<subfield code="a">Early maps.</subfield>
<subfield code="2">lcgft</subfield>
</datafield>
<datafield ind1=" " ind2="7" tag="655">
<subfield code="a">Maps</subfield>
<subfield code="2">lcgft</subfield>
</datafield>
<datafield ind1=" " ind2="0" tag="651">
<subfield code="a">Africa, North</subfield>
<subfield code="v">Maps</subfield>
<subfield code="v">Early works to 1800.</subfield>
</datafield>
<datafield ind1=" " ind2="0" tag="651">
<subfield code="a">Europe</subfield>
<subfield code="v">Maps</subfield>
<subfield code="v">Early works to 1800.</subfield>
</datafield>
<datafield ind1="1" ind2=" " tag="700">
<subfield code="a">Ponheimer, Kil.</subfield>
<subfield code="q">(Kilian)</subfield>
</datafield>
<datafield ind1=" " ind2="0" tag="830">
<subfield code="a">Harvard Map Collection digital maps.</subfield>
<subfield code="p">Africa, North.</subfield>
<subfield code="5">net</subfield>
</datafield>
<datafield ind1=" " ind2="0" tag="830">
<subfield code="a">Harvard Map Collection digital maps.</subfield>
<subfield code="p">Europe.</subfield>
<subfield code="5">net</subfield>
</datafield>
<datafield ind1=" " ind2=" " tag="900">
<subfield code="a">013109634</subfield>
</datafield>
<datafield ind1=" " ind2=" " tag="998">
<subfield code="a">NO-OVERLAY</subfield>
</datafield>
<datafield ind1=" " ind2=" " tag="AVA">
<subfield code="0">990131096340203941</subfield>
<subfield code="8">222159325290003941</subfield>
<subfield code="a">01HVD_INST</subfield>
<subfield code="b">MAP</subfield>
<subfield code="c">MAP-LC</subfield>
<subfield code="d">G5700 1795 .R4</subfield>
<subfield code="e">available</subfield>
<subfield code="f">1</subfield>
<subfield code="g">0</subfield>
<subfield code="j">MAPLC</subfield>
<subfield code="k">0</subfield>
<subfield code="p">1</subfield>
<subfield code="q">Harvard Map Collection</subfield>
</datafield>
<datafield ind1=" " ind2=" " tag="AVA">
<subfield code="0">990131096340203941</subfield>
<subfield code="8">222159325250003941</subfield>
<subfield code="a">01HVD_INST</subfield>
<subfield code="b">NET</subfield>
<subfield code="c">GEN</subfield>
<subfield code="e">check_holdings</subfield>
<subfield code="j">GEN</subfield>
<subfield code="k">#</subfield>
<subfield code="p">2</subfield>
<subfield code="q">Networked Resource (NET)</subfield>
</datafield>
</marc:record>
