<?xml version="1.0" encoding="UTF-8"?>
<marc:record xmlns:marc="http://www.loc.gov/MARC21/slim" xmlns="http://www.loc.gov/MARC21/slim" xmlns:srw="http://www.loc.gov/zing/srw/" xmlns:xlink="http://www.w3.org/TR/xlink" xmlns:xsi="http://www.w3.org/2001/XMLSchema-instance" xsi:schemaLocation="http://www.loc.gov/MARC21/slim   http://www.loc.gov/standards/marcxml/schema/MARC21slim.xsd">
<marc:leader>01720nem a2200373Ii 4500</marc:leader>
<controlfield tag="001">990148286470203941</controlfield>
<controlfield tag="005">20200221142138.0</controlfield>
<controlfield tag="008">950119s1780    sz        a     0   ger d</controlfield>
<datafield ind1="1" ind2=" " tag="034">
<subfield code="a">a</subfield>
<subfield code="b">42000</subfield>
<subfield code="d">E0075000</subfield>
<subfield code="e">E0080600</subfield>
<subfield code="f">N0470000</subfield>
<subfield code="g">N0464600</subfield>
</datafield>
<datafield ind1=" " ind2=" " tag="035">
<subfield code="a">(MH)014828647HVD01-Aleph</subfield>
</datafield>
<datafield ind1=" " ind2=" " tag="035">
<subfield code="a">(OCoLC)962425136</subfield>
</datafield>
<datafield ind1=" " ind2=" " tag="040">
<subfield code="b">eng</subfield>
<subfield code="e">rda</subfield>
</datafield>
<datafield ind1=" " ind2="4" tag="050">
<subfield code="a">G6043.L8 1780</subfield>
<subfield code="b">.S2</subfield>
</datafield>
<datafield ind1=" " ind2=" " tag="052">
<subfield code="a">6043</subfield>
<subfield code="b">L8</subfield>
</datafield>
<datafield ind1="1" ind2=" " tag="100">
<subfield code="a">Schnyder von Wartensee, Franz Joseph Xaver,</subfield>
<subfield code="d">1750-1784,</subfield>
<subfield code="e">cartographer.</subfield>
</datafield>
<datafield ind1="1" ind2="0" tag="245">
<subfield code="a">Topographische Tabelle der beiden Entlibucher-Æmter Schupfheim und Eschlismatt im Canton Lucern =</subfield>
<subfield code="b">Carte de la partie superieure de l'Entlibuch.</subfield>
</datafield>
<datafield ind1="1" ind2="1" tag="246">
<subfield code="a">Carte de la partie superieure de l'Entlibuch</subfield>
</datafield>
<datafield ind1=" " ind2=" " tag="255">
<subfield code="a">Scale approximately 1:42,000</subfield>
<subfield code="c">(E 7°50'--E 8°06'/N 47°00'--N 46°46').</subfield>
</datafield>
<datafield ind1=" " ind2="1" tag="264">
<subfield code="a">A Zug :</subfield>
<subfield code="b">chez Jos. Clausner, graveur,</subfield>
<subfield code="c">[1780]</subfield>
</datafield>
<datafield ind1=" " ind2=" " tag="300">
<subfield code="a">1 map :</subfield>
<subfield code="b">hand colored</subfield>
<subfield code="c">54 x 45 cm</subfield>
</datafield>
<datafield ind1=" " ind2=" " tag="336">
<subfield code="a">cartographic image</subfield>
<subfield code="b">cri</subfield>
<subfield code="2">rdacontent</subfield>
</datafield>
<datafield ind1=" " ind2=" " tag="337">
<subfield code="a">unmediated</subfield>
<subfield code="b">n</subfield>
<subfield code="2">rdamedia</subfield>
</datafield>
<datafield ind1=" " ind2=" " tag="338">
<subfield code="a">sheet</subfield>
<subfield code="b">nb</subfield>
<subfield code="2">rdacarrier</subfield>
</datafield>
<datafield ind1=" " ind2=" " tag="500">
<subfield code="a">Dedication in upper left corner: Regionis Entlibuchanæ quondam gubernatori felici, perillustri D. Domino de Balthasar ... d.d.d. J.S. Lucernensis.</subfield>
</datafield>
<datafield ind1=" " ind2=" " tag="500">
<subfield code="a">Relief shown by hachures.</subfield>
</datafield>
<datafield ind1=" " ind2=" " tag="530">
<subfield code="a">Also available online.</subfield>
</datafield>
<datafield ind1=" " ind2="0" tag="651">
<subfield code="a">Lucerne (Switzerland : Canton)</subfield>
<subfield code="v">Maps</subfield>
<subfield code="v">Early works to 1800.</subfield>
</datafield>
<datafield ind1=" " ind2="0" tag="651">
<subfield code="a">Entlebuch (Switzerland : Amt)</subfield>
<subfield code="v">Maps</subfield>
<subfield code="v">Early works to 1800.</subfield>
</datafield>
<datafield ind1=" " ind2="7" tag="655">
<subfield code="a">Early maps.</subfield>
<subfield code="2">lcgft</subfield>
</datafield>
<datafield ind1="1" ind2=" " tag="700">
<subfield code="a">Clausner, Jakob Joseph,</subfield>
<subfield code="d">1744-1797,</subfield>
<subfield code="e">engraver.</subfield>
</datafield>
<datafield ind1=" " ind2="0" tag="830">
<subfield code="a">Harvard Map Collection digital maps.</subfield>
<subfield code="p">Switzerland.</subfield>
<subfield code="p">Lucerne.</subfield>
<subfield code="5">net</subfield>
</datafield>
<datafield ind1=" " ind2="0" tag="830">
<subfield code="a">Harvard Map Collection digital maps.</subfield>
<subfield code="p">Switzerland.</subfield>
<subfield code="p">Amt. Entlebuch.</subfield>
<subfield code="5">net</subfield>
</datafield>
<datafield ind1=" " ind2=" " tag="900">
<subfield code="a">014828647</subfield>
</datafield>
<datafield ind1=" " ind2=" " tag="998">
<subfield code="a">NO-OVERLAY</subfield>
</datafield>
<datafield ind1=" " ind2=" " tag="AVA">
<subfield code="0">990148286470203941</subfield>
<subfield code="8">222185046810003941</subfield>
<subfield code="a">01HVD_INST</subfield>
<subfield code="b">MAP</subfield>
<subfield code="c">MAP-LC</subfield>
<subfield code="d">G6043.L8 1780 .S2</subfield>
<subfield code="e">available</subfield>
<subfield code="f">1</subfield>
<subfield code="g">0</subfield>
<subfield code="j">MAPLC</subfield>
<subfield code="k">0</subfield>
<subfield code="p">1</subfield>
<subfield code="q">Harvard Map Collection</subfield>
</datafield>
<datafield ind1=" " ind2=" " tag="AVA">
<subfield code="0">990148286470203941</subfield>
<subfield code="8">222185046790003941</subfield>
<subfield code="a">01HVD_INST</subfield>
<subfield code="b">NET</subfield>
<subfield code="c">GEN</subfield>
<subfield code="e">check_holdings</subfield>
<subfield code="j">GEN</subfield>
<subfield code="k">#</subfield>
<subfield code="p">2</subfield>
<subfield code="q">Networked Resource (NET)</subfield>
</datafield>
</marc:record>
