<?xml version="1.0" encoding="UTF-8"?>
<marc:record xmlns:marc="http://www.loc.gov/MARC21/slim" xmlns="http://www.loc.gov/MARC21/slim" xmlns:srw="http://www.loc.gov/zing/srw/" xmlns:xlink="http://www.w3.org/TR/xlink" xmlns:xsi="http://www.w3.org/2001/XMLSchema-instance" xsi:schemaLocation="http://www.loc.gov/MARC21/slim   http://www.loc.gov/standards/marcxml/schema/MARC21slim.xsd">
<marc:leader>00000nem a2200361Ii 4500</marc:leader>
<controlfield tag="001">990148254630203941</controlfield>
<controlfield tag="005">20170322133747.0</controlfield>
<controlfield tag="008">091106s1750    gw i      a     0   lat d</controlfield>
<datafield ind1="1" ind2=" " tag="034">
<subfield code="a">a</subfield>
<subfield code="b">50000</subfield>
<subfield code="d">E0082112</subfield>
<subfield code="e">E0085052</subfield>
<subfield code="f">N0465721</subfield>
<subfield code="g">N0463246</subfield>
</datafield>
<datafield ind1=" " ind2=" " tag="035">
<subfield code="a">(MH)014825463HVD01-Aleph</subfield>
</datafield>
<datafield ind1=" " ind2=" " tag="035">
<subfield code="a">(OCoLC)962059153</subfield>
</datafield>
<datafield ind1=" " ind2=" " tag="040">
<subfield code="b">eng</subfield>
<subfield code="e">rda</subfield>
</datafield>
<datafield ind1="0" ind2=" " tag="041">
<subfield code="a">lat</subfield>
<subfield code="a">ger</subfield>
</datafield>
<datafield ind1=" " ind2="4" tag="050">
<subfield code="a">G6043.U8 1750</subfield>
<subfield code="b">.W3</subfield>
</datafield>
<datafield ind1=" " ind2=" " tag="052">
<subfield code="a">6043</subfield>
<subfield code="b">U8</subfield>
</datafield>
<datafield ind1="1" ind2=" " tag="100">
<subfield code="a">Walser, Gabriel,</subfield>
<subfield code="d">1695-1776,</subfield>
<subfield code="e">cartographer.</subfield>
</datafield>
<datafield ind1="1" ind2="0" tag="245">
<subfield code="a">Pagus Helvetiae Uriensis cum subditis suis in valle Lepontina :</subfield>
<subfield code="b">accuratissima delineatio /</subfield>
<subfield code="c">Gabriel Walser delineavit ; Tob. Conr. Lotter sculpsit.</subfield>
</datafield>
<datafield ind1=" " ind2=" " tag="255">
<subfield code="a">Scale approximately 1:50,000</subfield>
<subfield code="c">(E 8°21ʹ12ʺ--E 8°50ʹ52ʺ/N 46°57ʹ21ʺ--N 46°32ʹ46ʺ).</subfield>
</datafield>
<datafield ind1=" " ind2="1" tag="264">
<subfield code="a">Aug. Vind :</subfield>
<subfield code="b">Cura et sumptibus Matthaei Seutteri,</subfield>
<subfield code="c">[approximately 1750]</subfield>
</datafield>
<datafield ind1=" " ind2=" " tag="300">
<subfield code="a">1 map :</subfield>
<subfield code="b">hand colored ;</subfield>
<subfield code="c">56 x 48 cm</subfield>
</datafield>
<datafield ind1=" " ind2=" " tag="336">
<subfield code="a">cartographic image</subfield>
<subfield code="b">cri</subfield>
<subfield code="2">rdacontent</subfield>
</datafield>
<datafield ind1=" " ind2=" " tag="337">
<subfield code="a">unmediated</subfield>
<subfield code="b">n</subfield>
<subfield code="2">rdamedia</subfield>
</datafield>
<datafield ind1=" " ind2=" " tag="338">
<subfield code="a">sheet</subfield>
<subfield code="b">nb</subfield>
<subfield code="2">rdacarrier</subfield>
</datafield>
<datafield ind1=" " ind2=" " tag="500">
<subfield code="a">Includes inset: Vallis Lepontina = Das Liviner-Thal, so dem löblichen Canton Uri eigen gehört.</subfield>
</datafield>
<datafield ind1=" " ind2=" " tag="500">
<subfield code="a">Includes notes.</subfield>
</datafield>
<datafield ind1=" " ind2=" " tag="546">
<subfield code="a">Latin title, legend and notes in German.</subfield>
</datafield>
<datafield ind1=" " ind2=" " tag="530">
<subfield code="a">Also available online.</subfield>
</datafield>
<datafield ind1=" " ind2="0" tag="651">
<subfield code="a">Uri (Switzerland)</subfield>
<subfield code="v">Maps</subfield>
<subfield code="v">Early works to 1800.</subfield>
</datafield>
<datafield ind1=" " ind2="0" tag="651">
<subfield code="a">Leventina (Switzerland)</subfield>
<subfield code="v">Maps</subfield>
<subfield code="v">Early works to 1800.</subfield>
</datafield>
<datafield ind1=" " ind2="7" tag="655">
<subfield code="a">Early maps.</subfield>
<subfield code="2">lcgft</subfield>
</datafield>
<datafield ind1="1" ind2=" " tag="700">
<subfield code="a">Lotter, Tobias Conrad,</subfield>
<subfield code="d">1717-1777</subfield>
<subfield code="e">engraver.</subfield>
</datafield>
<datafield ind1="1" ind2=" " tag="700">
<subfield code="a">Seutter, Matthaeus,</subfield>
<subfield code="d">1678-1756.</subfield>
</datafield>
<datafield ind1="0" ind2="2" tag="740">
<subfield code="a">Vallis Lepontina</subfield>
</datafield>
<datafield ind1=" " ind2="0" tag="830">
<subfield code="a">Harvard Map Collection digital maps.</subfield>
<subfield code="p">Switzerland.</subfield>
<subfield code="p">Uri.</subfield>
<subfield code="5">net</subfield>
</datafield>
<datafield ind1=" " ind2="0" tag="830">
<subfield code="a">Harvard Map Collection digital maps.</subfield>
<subfield code="p">Switzerland.</subfield>
<subfield code="p">Leventina.</subfield>
<subfield code="5">net</subfield>
</datafield>
<datafield ind1=" " ind2=" " tag="900">
<subfield code="a">014825463</subfield>
</datafield>
<datafield ind1=" " ind2=" " tag="998">
<subfield code="a">NO-OVERLAY</subfield>
</datafield>
<datafield ind1=" " ind2=" " tag="AVA">
<subfield code="0">990148254630203941</subfield>
<subfield code="8">222184400080003941</subfield>
<subfield code="a">01HVD_INST</subfield>
<subfield code="b">MAP</subfield>
<subfield code="c">MAP-LC</subfield>
<subfield code="d">G6043.U8 1750 .W3</subfield>
<subfield code="e">available</subfield>
<subfield code="f">1</subfield>
<subfield code="g">0</subfield>
<subfield code="j">MAPLC</subfield>
<subfield code="k">0</subfield>
<subfield code="p">1</subfield>
<subfield code="q">Harvard Map Collection</subfield>
</datafield>
<datafield ind1=" " ind2=" " tag="AVA">
<subfield code="0">990148254630203941</subfield>
<subfield code="8">222184400030003941</subfield>
<subfield code="a">01HVD_INST</subfield>
<subfield code="b">NET</subfield>
<subfield code="c">GEN</subfield>
<subfield code="e">check_holdings</subfield>
<subfield code="j">GEN</subfield>
<subfield code="k">#</subfield>
<subfield code="p">2</subfield>
<subfield code="q">Networked Resource (NET)</subfield>
</datafield>
</marc:record>
