<?xml version="1.0" encoding="UTF-8"?>
<marc:record xmlns:marc="http://www.loc.gov/MARC21/slim" xmlns="http://www.loc.gov/MARC21/slim" xmlns:srw="http://www.loc.gov/zing/srw/" xmlns:xlink="http://www.w3.org/TR/xlink" xmlns:xsi="http://www.w3.org/2001/XMLSchema-instance" xsi:schemaLocation="http://www.loc.gov/MARC21/slim   http://www.loc.gov/standards/marcxml/schema/MARC21slim.xsd">
<marc:leader>00000nfm a22     4a 4500</marc:leader>
<controlfield tag="001">990127475980203941</controlfield>
<controlfield tag="005">20161102122016.0</controlfield>
<controlfield tag="008">110421s1760    xx       |a||  |0|  ger d</controlfield>
<datafield ind1="0" ind2=" " tag="034">
<subfield code="a">a</subfield>
</datafield>
<datafield ind1=" " ind2=" " tag="035">
<subfield code="a">(MH)012747598HVD01-Aleph</subfield>
</datafield>
<datafield ind1=" " ind2=" " tag="035">
<subfield code="a">(OCoLC)716853299</subfield>
</datafield>
<datafield ind1=" " ind2=" " tag="052">
<subfield code="a">6299</subfield>
<subfield code="b">G52</subfield>
</datafield>
<datafield ind1=" " ind2=" " tag="090">
<subfield code="a">G6299.G52 1760</subfield>
<subfield code="b">.P5</subfield>
</datafield>
<datafield ind1="0" ind2="0" tag="245">
<subfield code="a">Plaan oder geometrische auf zeichnung von dem sogenanten Barenbrüche des Ambts Giffhorn und um liegende Örter.</subfield>
</datafield>
<datafield ind1="0" ind2="3" tag="246">
<subfield code="a">Plan oder geometrische auf zeichnung von dem sogenanten Barenbruch des Amts Giffhorn</subfield>
</datafield>
<datafield ind1=" " ind2=" " tag="255">
<subfield code="a">Scale not given.</subfield>
</datafield>
<datafield ind1=" " ind2=" " tag="260">
<subfield code="c">[1760?].</subfield>
</datafield>
<datafield ind1=" " ind2=" " tag="300">
<subfield code="a">1 ms. map :</subfield>
<subfield code="b">col. ;</subfield>
<subfield code="c">79 x 101 cm.</subfield>
</datafield>
<datafield ind1=" " ind2=" " tag="530">
<subfield code="a">Also available online.</subfield>
</datafield>
<datafield ind1=" " ind2="0" tag="651">
<subfield code="a">Gifhorn (Germany)</subfield>
<subfield code="v">Maps</subfield>
<subfield code="v">Early works to 1800.</subfield>
</datafield>
<datafield ind1=" " ind2="0" tag="655">
<subfield code="a">Manuscript maps.</subfield>
</datafield>
<datafield ind1=" " ind2="0" tag="830">
<subfield code="a">Harvard Map Collection digital maps.</subfield>
<subfield code="p">Germany.</subfield>
<subfield code="p">Gifhorn.</subfield>
<subfield code="5">net</subfield>
</datafield>
<datafield ind1=" " ind2=" " tag="900">
<subfield code="a">012747598</subfield>
</datafield>
<datafield ind1=" " ind2=" " tag="998">
<subfield code="a">NO-OVERLAY</subfield>
</datafield>
<datafield ind1=" " ind2=" " tag="AVA">
<subfield code="0">990127475980203941</subfield>
<subfield code="8">222134016860003941</subfield>
<subfield code="a">01HVD_INST</subfield>
<subfield code="b">MAP</subfield>
<subfield code="c">MAP-LC</subfield>
<subfield code="d">G6299.G52 1760 .P5 oversize</subfield>
<subfield code="e">available</subfield>
<subfield code="f">1</subfield>
<subfield code="g">0</subfield>
<subfield code="j">MAPLC</subfield>
<subfield code="k">0</subfield>
<subfield code="p">1</subfield>
<subfield code="q">Harvard Map Collection</subfield>
</datafield>
<datafield ind1=" " ind2=" " tag="AVA">
<subfield code="0">990127475980203941</subfield>
<subfield code="8">222134016840003941</subfield>
<subfield code="a">01HVD_INST</subfield>
<subfield code="b">NET</subfield>
<subfield code="c">GEN</subfield>
<subfield code="e">check_holdings</subfield>
<subfield code="j">GEN</subfield>
<subfield code="k">#</subfield>
<subfield code="p">2</subfield>
<subfield code="q">Networked Resource (NET)</subfield>
</datafield>
</marc:record>
