﻿<metadata>
  <idinfo>
    <citation>
      <citeinfo>
        <title>G4142_M67_1835_F4_OVERSIZE.jp2</title>
        <geoform>remote-sensing image</geoform>
      </citeinfo>
    </citation>
    <spdom>
      <bounding>
        <westbc>-101.050672</westbc>
        <eastbc>-91.997077</eastbc>
        <northbc>47.197810</northbc>
        <southbc>43.602542</southbc>
      </bounding>
    </spdom>
    <accconst>None</accconst>
    <useconst>None</useconst>
    <native> Version 6.2 (Build 9200) ; Esri ArcGIS 10.5.1.7333</native>
  </idinfo>
  <spdoinfo>
    <direct>Raster</direct>
    <rastinfo>
      <rasttype>Pixel</rasttype>
      <rowcount>7635</rowcount>
      <colcount>13060</colcount>
    </rastinfo>
  </spdoinfo>
  <spref>
    <horizsys>
      <planar>
        <mapproj>
          <mapprojn>USA Contiguous Lambert Conformal Conic</mapprojn>
          <lambertc>
            <stdparll>33.0</stdparll>
            <stdparll>45.0</stdparll>
            <longcm>-96.0</longcm>
            <latprjo>39.0</latprjo>
            <feast>0.0</feast>
            <fnorth>0.0</fnorth>
          </lambertc>
        </mapproj>
        <planci>
          <plance>coordinate pair</plance>
          <coordrep>
            <absres>0.000000008208145274579694</absres>
            <ordres>0.000000008208145274579694</ordres>
          </coordrep>
          <plandu>meter</plandu>
        </planci>
      </planar>
      <geodetic>
        <horizdn>D North American 1983</horizdn>
        <ellips>GRS 1980</ellips>
        <semiaxis>6378137.0</semiaxis>
        <denflat>298.257222101</denflat>
      </geodetic>
    </horizsys>
  </spref>
  <metainfo>
    <metd>20180321</metd>
    <metstdn>FGDC Content Standard for Digital Geospatial Metadata</metstdn>
    <metstdv>FGDC-STD-001-1998</metstdv>
    <mettc>local time</mettc>
  </metainfo>
</metadata>