﻿<metadata>
  <idinfo>
    <citation>
      <citeinfo>
        <title>G5740_1761_R6_ULTRASIZE_COPYA.jp2</title>
        <geoform>remote-sensing image</geoform>
      </citeinfo>
    </citation>
    <spdom>
      <bounding>
        <westbc>-7.634982</westbc>
        <eastbc>3.708639</eastbc>
        <northbc>56.872333</northbc>
        <southbc>48.920166</southbc>
      </bounding>
    </spdom>
    <accconst>None</accconst>
    <useconst>None</useconst>
    <native> Version 6.2 (Build 9200) ; Esri ArcGIS 10.5.1.7333</native>
  </idinfo>
  <spdoinfo>
    <direct>Raster</direct>
    <rastinfo>
      <rasttype>Pixel</rasttype>
      <rowcount>15301</rowcount>
      <colcount>12739</colcount>
    </rastinfo>
  </spdoinfo>
  <spref>
    <horizsys>
      <planar>
        <mapproj>
          <mapprojn>British National Grid</mapprojn>
          <transmer>
            <sfctrmer>0.9996012717</sfctrmer>
            <longcm>-2.0</longcm>
            <latprjo>49.0</latprjo>
            <feast>400000.0</feast>
            <fnorth>-100000.0</fnorth>
          </transmer>
        </mapproj>
        <planci>
          <plance>coordinate pair</plance>
          <coordrep>
            <absres>0.000000002219846528817016</absres>
            <ordres>0.000000002219846528817016</ordres>
          </coordrep>
          <plandu>meter</plandu>
        </planci>
      </planar>
      <geodetic>
        <horizdn>D OSGB 1936</horizdn>
        <ellips>Airy 1830</ellips>
        <semiaxis>6377563.396</semiaxis>
        <denflat>299.3249646</denflat>
      </geodetic>
    </horizsys>
  </spref>
  <metainfo>
    <metd>20180321</metd>
    <metstdn>FGDC Content Standard for Digital Geospatial Metadata</metstdn>
    <metstdv>FGDC-STD-001-1998</metstdv>
    <mettc>local time</mettc>
  </metainfo>
</metadata>