﻿<metadata>
  <idinfo>
    <citation>
      <citeinfo>
        <title>G5754_L7A3_1740_W4_OVERSIZE.jp2</title>
        <geoform>remote-sensing image</geoform>
      </citeinfo>
    </citation>
    <accconst>None</accconst>
    <useconst>None</useconst>
    <native> Version 6.2 (Build 9200) ; Esri ArcGIS 10.5.1.7333</native>
  </idinfo>
  <spdoinfo>
    <direct>Raster</direct>
    <rastinfo>
      <rasttype>Pixel</rasttype>
      <rowcount>5361</rowcount>
      <colcount>14055</colcount>
    </rastinfo>
  </spdoinfo>
  <metainfo>
    <metd>20180321</metd>
    <metstdn>FGDC Content Standard for Digital Geospatial Metadata</metstdn>
    <metstdv>FGDC-STD-001-1998</metstdv>
    <mettc>local time</mettc>
  </metainfo>
</metadata>