﻿<metadata>
  <idinfo>
    <citation>
      <citeinfo>
        <title>G6299_G52_1760_P5_OVERSIZE.jp2</title>
        <geoform>remote-sensing image</geoform>
      </citeinfo>
    </citation>
    <spdom>
      <bounding>
        <westbc>10.528868</westbc>
        <eastbc>10.879654</eastbc>
        <northbc>52.522666</northbc>
        <southbc>52.365671</southbc>
      </bounding>
    </spdom>
    <accconst>None</accconst>
    <useconst>None</useconst>
    <native> Version 6.2 (Build 9200) ; Esri ArcGIS 10.5.1.7333</native>
  </idinfo>
  <spdoinfo>
    <direct>Raster</direct>
    <rastinfo>
      <rasttype>Pixel</rasttype>
      <rowcount>9896</rowcount>
      <colcount>12392</colcount>
    </rastinfo>
  </spdoinfo>
  <spref>
    <horizsys>
      <planar>
        <mapproj>
          <mapprojn>WGS 1984 UTM Zone 32N</mapprojn>
          <transmer>
            <sfctrmer>0.9996</sfctrmer>
            <longcm>9.0</longcm>
            <latprjo>0.0</latprjo>
            <feast>500000.0</feast>
            <fnorth>0.0</fnorth>
          </transmer>
        </mapproj>
        <planci>
          <plance>coordinate pair</plance>
          <coordrep>
            <absres>0.000000002220024164500956</absres>
            <ordres>0.000000002220024164500956</ordres>
          </coordrep>
          <plandu>meter</plandu>
        </planci>
      </planar>
      <geodetic>
        <horizdn>D WGS 1984</horizdn>
        <ellips>WGS 1984</ellips>
        <semiaxis>6378137.0</semiaxis>
        <denflat>298.257223563</denflat>
      </geodetic>
    </horizsys>
  </spref>
  <metainfo>
    <metd>20180321</metd>
    <metstdn>FGDC Content Standard for Digital Geospatial Metadata</metstdn>
    <metstdv>FGDC-STD-001-1998</metstdv>
    <mettc>local time</mettc>
  </metainfo>
</metadata>