<?xml version="1.0" encoding="UTF-8"?>
<marc:record xmlns:marc="http://www.loc.gov/MARC21/slim" xmlns="http://www.loc.gov/MARC21/slim" xmlns:srw="http://www.loc.gov/zing/srw/" xmlns:xlink="http://www.w3.org/TR/xlink" xmlns:xsi="http://www.w3.org/2001/XMLSchema-instance" xsi:schemaLocation="http://www.loc.gov/MARC21/slim   http://www.loc.gov/standards/marcxml/schema/MARC21slim.xsd">
<marc:leader>00000cem a2200337Ia 4500</marc:leader>
<controlfield tag="001">990148287250203941</controlfield>
<controlfield tag="005">20170310122020.0</controlfield>
<controlfield tag="008">930602s1802    sz d      a     0   fre d</controlfield>
<datafield ind1="1" ind2=" " tag="034">
<subfield code="a">a</subfield>
<subfield code="b">310000</subfield>
<subfield code="d">E0083700</subfield>
<subfield code="e">E0104200</subfield>
<subfield code="f">N0471000</subfield>
<subfield code="g">N0460300</subfield>
</datafield>
<datafield ind1=" " ind2=" " tag="035">
<subfield code="a">(MH)014828725HVD01-Aleph</subfield>
</datafield>
<datafield ind1=" " ind2=" " tag="035">
<subfield code="a">(OCoLC)28193244</subfield>
</datafield>
<datafield ind1=" " ind2=" " tag="040">
<subfield code="a">YWM</subfield>
<subfield code="b">eng</subfield>
<subfield code="c">YWM</subfield>
<subfield code="d">OCL</subfield>
<subfield code="d">OCLCQ</subfield>
<subfield code="d">OCLCF</subfield>
<subfield code="d">OCLCO</subfield>
<subfield code="d">OCLCQ</subfield>
</datafield>
<datafield ind1=" " ind2=" " tag="043">
<subfield code="a">e-sz---</subfield>
</datafield>
<datafield ind1=" " ind2="4" tag="050">
<subfield code="a">G6043.G7 1802</subfield>
<subfield code="b">.M4</subfield>
</datafield>
<datafield ind1=" " ind2=" " tag="052">
<subfield code="a">6043</subfield>
<subfield code="b">G7</subfield>
</datafield>
<datafield ind1="1" ind2=" " tag="100">
<subfield code="a">Mechel, Christian von,</subfield>
<subfield code="d">1737-1817.</subfield>
</datafield>
<datafield ind1="1" ind2="0" tag="245">
<subfield code="a">Carte générale du canton Helvétique de la Rhétie :</subfield>
<subfield code="b">autrefois républiqe des Grisons.</subfield>
</datafield>
<datafield ind1=" " ind2=" " tag="250">
<subfield code="a">Revue et corrigée d'après de nouvelles observations.</subfield>
</datafield>
<datafield ind1=" " ind2=" " tag="255">
<subfield code="a">Scale ca. 1:310,000</subfield>
<subfield code="c">(E 8°37ʹ--E 10°42ʹ/N 47°10ʹ--N 46°03ʹ).</subfield>
</datafield>
<datafield ind1=" " ind2=" " tag="260">
<subfield code="a">à Basle :</subfield>
<subfield code="b">Ch. de Mechel,</subfield>
<subfield code="c">1802.</subfield>
</datafield>
<datafield ind1=" " ind2=" " tag="300">
<subfield code="a">1 map ;</subfield>
<subfield code="c">48 x 64 cm</subfield>
</datafield>
<datafield ind1=" " ind2=" " tag="336">
<subfield code="a">cartographic image</subfield>
<subfield code="b">cri</subfield>
<subfield code="2">rdacontent</subfield>
</datafield>
<datafield ind1=" " ind2=" " tag="337">
<subfield code="a">unmediated</subfield>
<subfield code="b">n</subfield>
<subfield code="2">rdamedia</subfield>
</datafield>
<datafield ind1=" " ind2=" " tag="338">
<subfield code="a">sheet</subfield>
<subfield code="b">nb</subfield>
<subfield code="2">rdacarrier</subfield>
</datafield>
<datafield ind1=" " ind2=" " tag="500">
<subfield code="a">Relief shown by hachures.</subfield>
</datafield>
<datafield ind1=" " ind2=" " tag="530">
<subfield code="a">Also available online.</subfield>
</datafield>
<datafield ind1=" " ind2="0" tag="651">
<subfield code="a">Graubünden (Switzerland)</subfield>
<subfield code="v">Maps.</subfield>
</datafield>
<datafield ind1=" " ind2="0" tag="651">
<subfield code="a">Switzerland</subfield>
<subfield code="v">Maps.</subfield>
</datafield>
<datafield ind1=" " ind2="0" tag="651">
<subfield code="a">Rhaetian Alps</subfield>
<subfield code="v">Maps.</subfield>
</datafield>
<datafield ind1=" " ind2="7" tag="651">
<subfield code="a">Switzerland</subfield>
<subfield code="z">Graubünden</subfield>
<subfield code="2">fast</subfield>
</datafield>
<datafield ind1=" " ind2="7" tag="651">
<subfield code="a">Europe</subfield>
<subfield code="z">Rhaetian Alps</subfield>
<subfield code="2">fast</subfield>
</datafield>
<datafield ind1=" " ind2="7" tag="651">
<subfield code="a">Switzerland</subfield>
<subfield code="2">fast</subfield>
</datafield>
<datafield ind1=" " ind2="7" tag="655">
<subfield code="a">Maps.</subfield>
<subfield code="2">fast</subfield>
</datafield>
<datafield ind1=" " ind2="0" tag="830">
<subfield code="a">Harvard Map Collection digital maps.</subfield>
<subfield code="p">Switzerland.</subfield>
<subfield code="p">Graubunden.</subfield>
<subfield code="5">ne</subfield>
</datafield>
<datafield ind1=" " ind2=" " tag="900">
<subfield code="a">014828725</subfield>
</datafield>
<datafield ind1=" " ind2=" " tag="998">
<subfield code="a">NO-OVERLAY</subfield>
</datafield>
<datafield ind1=" " ind2=" " tag="AVA">
<subfield code="0">990148287250203941</subfield>
<subfield code="8">222185067420003941</subfield>
<subfield code="a">01HVD_INST</subfield>
<subfield code="b">MAP</subfield>
<subfield code="c">MAP-LC</subfield>
<subfield code="d">G6043.G7 1802 .M4</subfield>
<subfield code="e">available</subfield>
<subfield code="f">1</subfield>
<subfield code="g">0</subfield>
<subfield code="j">MAPLC</subfield>
<subfield code="k">0</subfield>
<subfield code="p">1</subfield>
<subfield code="q">Harvard Map Collection</subfield>
</datafield>
<datafield ind1=" " ind2=" " tag="AVA">
<subfield code="0">990148287250203941</subfield>
<subfield code="8">222185067380003941</subfield>
<subfield code="a">01HVD_INST</subfield>
<subfield code="b">NET</subfield>
<subfield code="c">GEN</subfield>
<subfield code="e">check_holdings</subfield>
<subfield code="j">GEN</subfield>
<subfield code="k">#</subfield>
<subfield code="p">2</subfield>
<subfield code="q">Networked Resource (NET)</subfield>
</datafield>
</marc:record>
