﻿<metadata>
  <idinfo>
    <citation>
      <citeinfo>
        <title>G5700_1811_G6.jp2</title>
        <geoform>remote-sensing image</geoform>
      </citeinfo>
    </citation>
    <spdom>
      <bounding>
        <westbc>-80.976167</westbc>
        <eastbc>106.170005</eastbc>
        <northbc>83.501566</northbc>
        <southbc>9.290702</southbc>
      </bounding>
    </spdom>
    <accconst>None</accconst>
    <useconst>None</useconst>
    <native> Version 6.2 (Build 9200) ; Esri ArcGIS 10.5.1.7333</native>
  </idinfo>
  <spdoinfo>
    <direct>Raster</direct>
    <rastinfo>
      <rasttype>Pixel</rasttype>
      <rowcount>7449</rowcount>
      <colcount>8577</colcount>
    </rastinfo>
  </spdoinfo>
  <spref>
    <horizsys>
      <planar>
        <mapproj>
          <mapprojn>Europe Lambert Conformal Conic</mapprojn>
          <lambertc>
            <stdparll>43.0</stdparll>
            <stdparll>62.0</stdparll>
            <longcm>10.0</longcm>
            <latprjo>30.0</latprjo>
            <feast>0.0</feast>
            <fnorth>0.0</fnorth>
          </lambertc>
        </mapproj>
        <planci>
          <plance>coordinate pair</plance>
          <coordrep>
            <absres>0.000000007897171805382187</absres>
            <ordres>0.000000007897171805382187</ordres>
          </coordrep>
          <plandu>meter</plandu>
        </planci>
      </planar>
      <geodetic>
        <horizdn>D European 1950</horizdn>
        <ellips>International 1924</ellips>
        <semiaxis>6378388.0</semiaxis>
        <denflat>297.0</denflat>
      </geodetic>
    </horizsys>
  </spref>
  <metainfo>
    <metd>20180321</metd>
    <metstdn>FGDC Content Standard for Digital Geospatial Metadata</metstdn>
    <metstdv>FGDC-STD-001-1998</metstdv>
    <mettc>local time</mettc>
  </metainfo>
</metadata>