<?xml version='1.0' encoding='UTF-8'?>
<!DOCTYPE metadata SYSTEM "http://www.fgdc.gov/metadata/fgdc-std-001-1998.dtd">
<metadata>
  <idinfo>
    <citation>
      <citeinfo>
        <origin>Harvard Map Collection, Harvard Library</origin>
        <origin>Sternwarte Seeberg bey Gotha</origin>
        <pubdate>202003</pubdate>
        <title>Charte des Mittellaendischen Meeres, 1799 (Raster Image)</title>
        <geoform>map</geoform>
        <pubinfo>
          <pubplace>Cambridge, Massachusetts</pubplace>
          <publish>Harvard Map Collection, Harvard Library</publish>
        </pubinfo>
        <onlink>http://hgl.harvard.edu:8080/HGL/jsp/HGL.jsp?action=VColl&amp;VCollName=G5672_M4_1799_S8</onlink>
      </citeinfo>
    </citation>
    <debug>
      <rawScale>Scale [ca. 1:6,150,000]</rawScale>
      <scale>Scale [ca. 1:6,150,000]</scale>
      <field255aEnding>]</field255aEnding>
      <typeOfRecord>e</typeOfRecord>
      <dateType008>s</dateType008>
      <twosixex>1799.</twosixex>
      <varSingleDate>1</varSingleDate>
      <date-values>17991799    </date-values>
      <date1-validity>1</date1-validity>
      <date2-validity>0</date2-validity>
      <approx26Xdate>0</approx26Xdate>
      <pubdatequal> in </pubdatequal>
      <pubdatestr1>1799</pubdatestr1>
      <pubdatestr2/>
      <exists041>0</exists041>
      <languagecodes>German</languagecodes>
    </debug>
    <abstract>This layer is a georeferenced raster image of the historic paper map entitled: Charte des Mittellaendischen Meeres : nach den neuesten astronomischen Ortsbestimmungen. It was published by: Im Verlage des Industrie Comptoirs in 1799. Scale [ca. 1:6,150,000]. Map in German. The image inside the map neatline is georeferenced to the surface of the earth and fit to the Europe Lambert Conformal Conic (EPSG: 102014) coordinate system. All map features and collar and inset information are shown as part of the raster image, including any inset maps, profiles, statistical tables, directories, text, illustrations, index maps, legends, or other information associated with the principal map. This layer is part of a selection of digitally scanned and georeferenced historic maps from the Harvard Map Collection. These maps typically portray both natural and manmade features. The selection represents a range of geographies, originators, ground condition dates, scales, and map purposes.</abstract>
    <purpose>Historic paper maps can provide an excellent view of the changes that have occurred in the cultural and physical landscape.  The wide range of information provided on these maps make them useful in the study of historic geography, and urban and rural land use change.  As this map has been georeferenced, it can be used in a GIS as a source or background layer in conjunction with other GIS data.</purpose>
    <timeperd>
      <timeinfo>
        <sngdate>
          <caldate>1799</caldate>
        </sngdate>
      </timeinfo>
      <current>source map publication date</current>
    </timeperd>
    <status>
      <progress>Complete</progress>
      <update>None planned</update>
    </status>
    <spdom>
      <bounding>
        <westbc>-29.001370</westbc>
        <eastbc>59.628686</eastbc>
        <northbc>58.646670</northbc>
        <southbc>15.354834</southbc>
      </bounding>
    </spdom>
    <keywords>
      <theme>
        <themekt>LCSH</themekt>
        <themekey>Maps</themekey>
        <themekey>Coasts</themekey>
        <themekey>Early maps</themekey>
        <themekey>Maps</themekey>
      </theme>
      <theme>
        <themekt>ISO 19115 Topic Category</themekt>
        <themekey>imageryBaseMapsEarthCover</themekey>
      </theme>
      <place>
        <placekt>LCSH</placekt>
        <placekey>Mediterranean Sea</placekey>
      </place>
    </keywords>
    <accconst>None</accconst>
    <useconst>For educational, non-commercial use only.</useconst>
    <ptcontac>
      <cntinfo>
        <cntorgp>
          <cntorg>Harvard Map Collection, Harvard Library</cntorg>
        </cntorgp>
        <cntpos>Harvard Geospatial Library</cntpos>
        <cntaddr>
          <addrtype>mailing and physical address</addrtype>
          <address>Harvard Map Collection</address>
          <address>Pusey Library</address>
          <address>Harvard University</address>
          <city>Cambridge</city>
          <state>MA</state>
          <postal>02138</postal>
          <country>USA</country>
        </cntaddr>
        <cntvoice>617-495-2417</cntvoice>
        <cntfax>617-496-0440</cntfax>
        <cntemail>hgl_ref@hulmail.harvard.edu</cntemail>
        <hours>Monday - Friday, 10:30 am - 4:30 pm EST-USA</hours>
      </cntinfo>
    </ptcontac>
    <native>ArcMap 10.3</native>
  </idinfo>
  <dataqual>
    <attracc>
      <attraccr>The georeferenced raster is a faithfully reproduced digital image of the original source map. Some differences may be detected between the source graphic used and the raster image due to the RGB values assigned that particular color. The intent is to recreate those colors as near as possible.</attraccr>
    </attracc>
    <complete>Data completeness for raster digital image files reflect content of the source graphic. Features may have been eliminated or generalized on the source graphic due to scale and legibility constraints</complete>
    <posacc>
      <horizpa>
        <horizpar>The horizontal positional accuracy of a raster image is approximately the same as the accuracy of the published source map.  The lack of a greater accuracy is largely the result of the inaccuracies with the original measurements and possible distortions in the original paper map document.  There may also be errors introduced during the digitizing and georeferencing process. In most cases, however, errors in the raster image are small compared with sources of error in the original map graphic.
The RMS error for this map is 132411 meters.  This value describes how consistent the transformation is between the different control points (links).  The RMS error is only an assessment of the accuracy of the transformation.</horizpar>
      </horizpa>
    </posacc>
    <lineage>
      <srcinfo>
        <srccite>
          <citeinfo>
            <origin>Sternwarte Seeberg bey Gotha</origin>
            <pubdate>1799</pubdate>
            <title>Charte des Mittellaendischen Meeres : nach den neuesten astronomischen Ortsbestimmungen</title>
            <geoform>map</geoform>
            <pubinfo>
              <pubplace>Weimar</pubplace>
              <publish>Im Verlage des Industrie Comptoirs</publish>
            </pubinfo>
            <othercit>1 map : hand col. ; 30 x 64 cm.</othercit>
            <onlink>http://id.lib.harvard.edu/alma/990132211090203941/catalog</onlink>
          </citeinfo>
        </srccite>
        <srcscale>6150000</srcscale>
        <typesrc>paper</typesrc>
        <srctime>
          <timeinfo>
            <sngdate>
              <caldate>1799</caldate>
            </sngdate>
          </timeinfo>
          <srccurr>publication date</srccurr>
        </srctime>
        <srccitea>Paper Map</srccitea>
        <srccontr>Source map for raster image</srccontr>
      </srcinfo>
      <procstep>
        <procdesc>Production of this raster image began with the scanning of the paper map on a high-resolution scanner: (Betterlight, Super8K2 scanning back camera and ViewFinder capture software). Maps were photographed at a copy stand. A vacuum easel and/or Plexiglas or points were used to secure loose maps. Foldouts and bound volumes were supported using cradles and built up foam core and matt board supports. The imaging specification was designed to produce detailed "Archival Master" images that, to the extent possible, are faithful reproductions of the originals, that capture the fine detail present in the originals, and that allow for detailed screen reproduction and print reproduction at up 1:1. Images in this collection were processed using: Adobe Photoshop/Aware JPEG2000 Content Creation Workstation. Images were saved as lossless JPEG2000 files to reduce storage needs and to facilitate variable size viewing. Color and tonal corrections were made using Adobe Photoshop. Image files were viewed on a calibrated monitor. Editing was performed in an ISO 3664 compliant proofing environment.</procdesc>
        <srcused>Paper Map</srcused>
        <procdate>2016</procdate>
        <srcprod>JP2 Map Image</srcprod>
        <proccont>
          <cntinfo>
            <cntorgp>
              <cntorg>Harvard Library</cntorg>
            </cntorgp>
            <cntpos>Imaging Services</cntpos>
            <cntaddr>
              <addrtype>mailing and physical address</addrtype>
              <address>Widener Library</address>
              <address>Ground Floor, Room G-81</address>
              <address>Harvard Yard</address>
              <city>Cambridge</city>
              <state>MA</state>
              <postal>02138</postal>
              <country>USA</country>
            </cntaddr>
            <cntvoice>617-495-3995</cntvoice>
            <cntemail>imaging@fas.harvard.edu</cntemail>
            <hours>Monday - Friday, 9:00 am - 5:00 pm ET-USA (phone &amp; email)</hours>
          </cntinfo>
        </proccont>
      </procstep>
      <procstep>
        <procdesc>Using ArcMap 10.3, the digital JPEG2000 image was georeferenced to common points located on digital vector shapefiles. For this image, the following vector shapefiles were used as a base map for reference: ESRI World Imagery. The base map data is projected in the Europe Lambert Conformal Conic (EPSG: 102014) coordinate system, and the image was subsequently georeferenced to the same projection. A world file (.j2w) was automatically generated and saved in association with the digital image. See 'Horizontal Accuracy' for the RMS error of this image. Please note that the projection will need to be defined by the user in order to display the image with other projected data and the world file will need to be stored in the same root directory as the image.</procdesc>
        <srcused>JP2 Map Image</srcused>
        <procdate>20161215</procdate>
        <srcprod>Georeferenced Raster Data</srcprod>
        <proccont>
          <cntinfo>
            <cntorgp>
              <cntorg>Harvard Geospatial Library</cntorg>
            </cntorgp>
            <cntpos>Geospatial Data Technical Assistant</cntpos>
            <cntaddr>
              <addrtype>mailing and physical address</addrtype>
              <address>Harvard University Information Technology</address>
              <address>Library Technology Services</address>
              <address>90 Mount Auburn Street</address>
              <city>Cambridge</city>
              <state>MA</state>
              <postal>02138</postal>
              <country>USA</country>
            </cntaddr>
            <cntvoice>617-495-2417</cntvoice>
            <cntfax>617-496-0440</cntfax>
            <cntemail>hgl_ref@hulmail.harvard.edu</cntemail>
            <hours>Monday - Friday, 10:30 am - 4:30 pm EST-USA</hours>
          </cntinfo>
        </proccont>
      </procstep>
    </lineage>
  </dataqual>
  <spdoinfo>
    <direct>Raster</direct>
    <rastinfo>
      <rasttype>Pixel</rasttype>
      <rowcount>8070</rowcount>
      <colcount>10204</colcount>
    </rastinfo>
  </spdoinfo>
  <spref>
    <horizsys>
      <planar>
        <mapproj>
          <mapprojn>Europe Lambert Conformal Conic</mapprojn>
          <lambertc>
            <stdparll>43.0</stdparll>
            <stdparll>62.0</stdparll>
            <longcm>10.0</longcm>
            <latprjo>30.0</latprjo>
            <feast>0.0</feast>
            <fnorth>0.0</fnorth>
          </lambertc>
        </mapproj>
        <planci>
          <plance>coordinate pair</plance>
          <coordrep>
            <absres>0.000000007897171805382187</absres>
            <ordres>0.000000007897171805382187</ordres>
          </coordrep>
          <plandu>meter</plandu>
        </planci>
      </planar>
      <geodetic>
        <horizdn>D European 1950</horizdn>
        <ellips>International 1924</ellips>
        <semiaxis>6378388.0</semiaxis>
        <denflat>297.0</denflat>
      </geodetic>
    </horizsys>
  </spref>
  <eainfo>
    <overview>
      <eaover>The indexes reference a color palette of RGB values from 0 through 255, representing the color value from the original paper sheet map. The colors on that sheet can represent relief, drainage, vegetation, populated places, cultural features, coastal hydrography, transportation features (roads, railroads, tracks and trails), spot elevations and boundaries. The colors are sometimes explained in a legend that is incorporated into the map inset or collar.</eaover>
      <eadetcit>Not applicable.</eadetcit>
    </overview>
  </eainfo>
  <distinfo>
    <distrib>
      <cntinfo>
        <cntorgp>
          <cntorg>Harvard University Information Technology</cntorg>
        </cntorgp>
        <cntpos>Harvard Geospatial Library</cntpos>
        <cntaddr>
          <addrtype>mailing and physical address</addrtype>
          <address>Library Technology Services</address>
          <address>90 Mount Auburn Street</address>
          <city>Cambridge</city>
          <state>MA</state>
          <postal>02138</postal>
          <country>USA</country>
        </cntaddr>
        <cntvoice>617-495-2417</cntvoice>
        <cntfax>617-496-0440</cntfax>
        <cntemail>hgl_ref@hulmail.harvard.edu</cntemail>
        <hours>Monday - Friday, 9:00 am - 4:00 pm EST-USA</hours>
      </cntinfo>
    </distrib>
    <resdesc>Downloadable Data</resdesc>
    <distliab>Although this data set has been developed by Harvard University, no warranty expressed or implied is made by the University as to the accuracy of the data and related materials. The act of distribution shall not constitute any such warranty, and no responsibility is assumed by the University in the use of this data, or related materials.</distliab>
    <stdorder>
      <digform>
        <digtinfo>
          <formname>JPEG2000</formname>
          <filedec>ZIP</filedec>
        </digtinfo>
        <digtopt>
          <onlinopt>
            <computer>
              <networka>
                <networkr>http://hgl.harvard.edu/</networkr>
              </networka>
            </computer>
          </onlinopt>
        </digtopt>
      </digform>
      <fees>None</fees>
    </stdorder>
  </distinfo>
  <metainfo>
    <metd>20200304</metd>
    <metc>
      <cntinfo>
        <cntorgp>
          <cntorg>Harvard Geospatial Library</cntorg>
        </cntorgp>
        <cntpos>Geospatial Metadata Librarian</cntpos>
        <cntaddr>
          <addrtype>mailing and physical address</addrtype>
          <address>Harvard University Information Technology</address>
          <address>Library Technology Services</address>
          <address>90 Mount Auburn Street</address>
          <city>Cambridge</city>
          <state>MA</state>
          <postal>02138</postal>
          <country>USA</country>
        </cntaddr>
        <cntvoice>617-495-2417</cntvoice>
        <cntfax>617-496-0440</cntfax>
        <cntemail>hgl_ref@hulmail.harvard.edu</cntemail>
        <hours>Monday - Friday, 10:30 am - 4:30 pm EST-USA</hours>
      </cntinfo>
    </metc>
    <metstdn>
            FGDC Content Standard for Digital Geospatial Metadata
        </metstdn>
    <metstdv>FGDC-STD-001-1998</metstdv>
    <mettc>local time</mettc>
  </metainfo>
</metadata>