Downloaded,Georef Complete,SDE Upload,DRS Updated,CDP_batch,File_Name,Old_File_Name,ArcGIS_version,Image_Description,DRS_ID,OwnerSuppliedName,Geographic_Scope,Georeferenced_to..,RMS_error ,units,Coord_Syst,EPSG_code,Date_Production,seams?,notes,HOLLIS,j2w MD5SIGNATURE,j2w DRS_ObjectID,outdated j2w signature
X,X,,,CDP_58,,,10.3,Northern Balkans,52779295,G6032_D3_1693_S3_ULTRASIZE_COPYA,Europe,ESRI_World_Imagery,0,meters,WGS_1984_World_Mercator,3395,20170130,,*NOTE* - map very inaccurate --> only 2 control points used to orient and resize map for relative geographic accuracy,12247605,,,
X,X,,,CDP_58,,,10.3,Northern Balkans,52779296,G6032_D3_1693_S3_ULTRASIZE_COPYB,Europe,ESRI_World_Imagery,0,meters,WGS_1984_World_Mercator,3395,20170130,,*NOTE* - map very inaccurate --> only 2 control points used to orient and resize map for relative geographic accuracy,12247605,,,
X,X,,,CDP_77,,,10.3,"Bosnia, Serbia",54199260,G6800_1738_O4_OVERSIZE_1,Europe,ESRI_World_Imagery,22573.8,meters,Europe_Lambert_Conformal_Conic,102014,20170110,,*note* - approximate georeferencing --> control points chosen to minimize distortion,14385265,,,
X,X,,,CDP_77,,,10.3,B2 of 3: Maryland and Virginia,54199262,G3880_1807 _M3_OVERSIZE_SH2,USA,ESRI_World_Imagery,5876.34,meters,USA_Contiguous_Lambert_Conformal_Conic,102004,20170110,,,10165851,,,
X,X,,,CDP_77,,,10.3,B3 of 3: Chesapeake Bay,54199270,G3880_1807 _M3_OVERSIZE_SH3,USA,ESRI_World_Imagery,7869.12,meters,USA_Contiguous_Lambert_Conformal_Conic,102004,20170111,,,10165851,,,
X,X,,,CDP_77,,,10.3,Japan,54199273,G7960_1865_D3_ULTRASIZE_2,East Asia,ESRI_World_Imagery,21876.8,meters,WGS_1984_UTM_Zone_54N,32654,20170112,,,14655470,,,
X,X,,,CDP_77,,,10.3,Japan,54199276,G7960_1865_D3_ULTRASIZE_1,East Asia,ESRI_World_Imagery,21783.3,meters,WGS_1984_UTM_Zone_54N,32654,20170112,,,14655470,,,
X,X,,,CDP_77,,,10.3,England,54199279,G5740_1761_R6_ULTRASIZE_COPYA,Europe,ESRI_World_Imagery,12040.5,meters,British_National_Grid,27700,20170113,,,13328346,,,
X,X,,,CDP_77,,,10.3,"Bosnia, Serbia",54199281,G6800_1738_O4_OVERSIZE_2,Europe,ESRI_World_Imagery,0,meters,Europe_Lambert_Conformal_Conic,102014,20170206,,*NOTE* - map very inaccurate --> only 2 control points used to orient and resize map for relative geographic accuracy,14385265,,,
X,X,,,CDP_77,,,10.3,"B1 of 3: West Virginia, Virginia",54199282,G3880_1807 _M3_OVERSIZE_SH1,USA,ESRI_World_Imagery,6034.51,meters,USA_Contiguous_Lambert_Conformal_Conic,102004,20170111,,,10165851,,,
X,X,,,CDP_88,,,10.5.1,n Africa,436793607,G8200_1749_A6_OVERSIZE_SHEET_1,Northern Africa,ESRI_World_Imagery,164356,meters,Africa_Lambert_Conformal_Conic,102024,20180423,,,12649173,,,
X,X,,,CDP_88,,,10.5.1,s Aftrica,436793610,G8200_1749_A6_OVERSIZE_SHEET_2,Southern Africa,ESRI_World_Imagery,81254.6,meters,Africa_Lambert_Conformal_Conic,102024,20180423,,,12649173,,,
