Downloaded,Georef Complete,SDE Upload,DRS Updated,CDP_batch,File_Name,Old_File_Name,ArcGIS_version,Image_Description,DRS_ID,OwnerSuppliedName,Geographic_Scope,Georeferenced_to..,RMS_error ,units,Coord_Syst,EPSG_code,Date_Production,seams?,notes,HOLLIS,j2w MD5SIGNATURE,j2w DRS_ObjectID,outdated j2w signature
X,X,,,CDP_57,,,10.3,Countries around Black Sea,52656500,G6800_1787_A5_OVERSIZE,Eurasia,ESRI_World_Imagery,58388.2,meters,Custom Albers (Central Meridian: 32),custom,20161118,,control points located: Petrovsk (Petrowsk) [NE]; Derna (Derne) [SW]; Bornholm [NW],14460082,,,
X,X,,,CDP_58,,,10.3,Germany,52779297,G6080_1760_B6_ULTRASIZE,Europe,ESRI_World_Imagery,12751.1,meters,Europe_Lambert_Conformal_Conic,102014,20161118,,,12510364,,,
X,X,,,CDP_58,,,10.3,Balkans and Black Sea,52779302,G6800_1788_M3_ULTRASIZE,Europe,ESRI_World_Imagery,35316.1,meters,Custom Albers (Central Meridian: 32),custom,20161121,,,14460313,,,
X,X,,,CDP_65,,,10.3,W Europe,53227102,G5700_1790_U5_OVERSIZE,Europe,ESRI_World_Imagery,46894.3,meters,Europe_Lambert_Conformal_Conic,102014,20161216,,,13109534,,,
X,X,,,CDP_77,,,10.3,Czech Republic,54199261,G6513_B6_1726_M8_OVERSIZE,Europe,ESRI_World_Imagery,4347.43,meters,Europe_Lambert_Conformal_Conic,102014,20170110,,,14378002,,,
X,X,,,CDP_77,,,10.3,Minnesota River,54199264,G4142_M67_1835_F4_OVERSIZE,USA,ESRI_World_Imagery,11969.1,meters,USA_Contiguous_Lambert_Conformal_Conic,102004,20170111,,control points limited to detailed Minnesota River (right half of map) --> distortion in left half (west half) of map,13771861,,,
X,X,,,CDP_77,,,10.3,North Germany (Hamburg),54199266,G6082_E6_1721_Z5_OVERSIZE,Europe,ESRI_World_Imagery,0,meters,WGS_1984_UTM_Zone_32N,32632,20170206,,*NOTE* - map very inaccurate --> only 2 control points used to orient and resize map for relative geographic accuracy,12254173,,,
X,X,,,CDP_77,,,10.3,South France,54199267,G5834_B48E423_1781_C3_OVERSIZE,Europe,ESRI_World_Imagery,103.846,meters,WGS_1984_UTM_Zone_31N,32631,20170112,,,14083322,,,
X,X,,,CDP_77,,,10.3,"Fallersleben, Germany",54199268,G6299_G52_1760_P5_OVERSIZE,Europe,ESRI_World_Imagery,749.524,meters,WGS_1984_UTM_Zone_32N,32632,20170112,,*note* - approximate georeferencing --> conrol points limited ,12747598,,,
X,X,,,CDP_77,,,10.3,Ohio,54199277,G4080_1815_H6_OVERSIZE,USA,ESRI_World_Imagery,8340.67,meters,WGS_1984_UTM_Zone_17N,32617,20170112,,,12729918,,,
X,X,,,CDP_77,,,10.3,South Carolina,54199278,G3910_1773_C6_OVERSIZE,USA,ESRI_World_Imagery,6895.28,meters,WGS_1984_UTM_Zone_17N,32617,20170112,,,10131346,,,
X,X,,,CDP_77,,,10.3,Russia,54199280,G7000_1776_T74_OVERSIZE,Eurasia,ESRI_World_Imagery,173019,meters,Asia_Lambert_Conformal_Conic,102012,20170113,,,14506469,,,
X,X,,,CDP_88,,,10.5.1,New York,436793592,G3800_1812_L3_ULTRASIZE,New York,ESRI_World_Imagery,4296.21,meters,WGS_1984_UTM_Zone_18N,32618,20180418,,,9722653,,,
X,X,,,CDP_88,,,10.5.1,New York and Pennsylvania,436793595,G3800_1820_L3_ULTRASIZE,New York,ESRI_World_Imagery,7704.99,meters,WGS_1984_UTM_Zone_18N,32618,20180418,,,9722674,,,
X,X,,,CDP_88,,,10.5.1,Virginia,436793598,G3880_1755_F7_ULTRASIZE,Virginia and N Carolina,ESRI_World_Imagery,6168.33,meters,WGS_1984_World_Mercator,3395,20180419,,,12971831,,,
X,X,,,CDP_88,,,10.5.1,"Mexico, Central America, n. South America",436793601,G4390_1780_B6_ULTRASIZE,Central America,ESRI_World_Imagery,118696,meters,North_America_Lambert_Conformal_Conic,102009,20180423,,,13154859,,,
X,X,,,CDP_88,,,10.5.1,Turkey and e Mediterranean,436793604,G7420_1711_L6_ULTRASIZE,Turkey and nearby,ESRI_World_Imagery,93869.1,meters,WGS_1984_World_Mercator,3395,20180423,,,15141935,,,
X,X,,,CDP_89,,,10.5.1,"England, France, the Netherlands",437833593,G9112_N6_1821_S8_ULTRASIZE,Europe,ESRI_World_Imagery,8863.28,meters,WGS_1984_World_Mercator,3395,20180501,,,14845296,,,
